customer_id,area,registration_date,customer_segment,total_orders,avg_order_value
97475543,Udupi,13-05-2023,Premium,13,451.92
22077605,Aligarh,18-06-2024,Inactive,4,825.48
47822591,Begusarai,25-09-2024,Regular,17,1969.81
79726146,Kozhikode,04-10-2023,New,4,220.09
57102800,Ichalkaranji,22-03-2024,Inactive,14,578.14
54748429,Visakhapatnam,22-04-2024,New,2,669.35
49152878,Gwalior,13-09-2024,Premium,4,973.62
16379942,Orai,10-04-2024,Inactive,15,1370.56
11071601,Buxar,04-07-2023,Inactive,17,1950.54
68164013,Malegaon,29-06-2023,New,1,1061.82
80404839,Katni,13-04-2023,Inactive,10,1537.35
27038630,Fatehpur,27-04-2023,Regular,11,1307.28
1655637,Ichalkaranji,17-09-2023,Regular,19,723.95
75566105,Hyderabad,20-03-2024,Regular,18,1432.53
23961725,Bhiwandi,11-05-2024,Regular,6,367.74
67749649,Mira-Bhayandar,10-04-2024,Inactive,11,281.16
61461253,Amravati,29-08-2024,Inactive,4,789.5
30619659,Kochi,18-09-2024,Inactive,14,1992.42
50229203,Tiruchirappalli,14-09-2023,Regular,7,1731.87
13567338,Hubli–Dharwad,14-10-2024,Premium,10,1054.12
7591711,Nagercoil,30-01-2024,Regular,12,1494
22102079,Alwar,21-06-2024,Premium,10,615.86
48910430,Bardhaman,04-09-2024,Premium,3,1474.04
27604184,Nandyal,06-10-2023,New,9,1108.86
79672044,Hapur,17-12-2023,New,8,1115.88
13461704,Nanded,04-04-2024,Premium,4,1024.45
66135710,Ramgarh,28-11-2023,New,6,308.63
50572914,Bihar Sharif,21-10-2023,Regular,20,701.55
4386273,Nandyal,26-06-2024,Inactive,12,298.97
57537308,Jorhat,18-05-2024,New,8,1641.88
34526442,Raipur,27-09-2023,Regular,14,1956.45
67383024,Kollam,10-04-2024,Premium,14,1240.9
28350645,Ratlam,12-01-2024,Inactive,9,553
81940369,Nellore,24-02-2024,Premium,10,316.79
89950235,Warangal,24-12-2023,Premium,13,1179.29
88202341,Kottayam,20-08-2023,Inactive,9,644.06
41155125,Tenali,22-04-2024,Inactive,14,1454.3
46369552,Jaipur,16-09-2024,Regular,17,456.51
48943848,Patiala,21-06-2024,Premium,13,245.46
39645619,Maheshtala,17-06-2023,Regular,13,1512.4
76917159,Ludhiana,23-06-2024,Premium,11,1777.83
72366758,Ichalkaranji,19-11-2023,Inactive,9,513.7
66140659,Ongole,09-12-2023,Premium,8,509.85
87457446,Katihar,02-07-2024,Premium,7,1301.39
10830043,Hospet,15-10-2023,New,9,899.6
97150234,Bihar Sharif,22-11-2023,New,13,1527.55
72489544,Siwan,19-09-2024,Inactive,17,1600.17
81352781,Dehradun,27-02-2024,Regular,4,564.55
88130777,North Dumdum,17-10-2023,New,16,301.23
65294340,Jamalpur,16-04-2024,New,17,356.29
40387944,Parbhani,15-03-2024,Regular,10,569.91
91868185,Srinagar,15-10-2023,New,1,1657.84
31846190,Kolkata,08-09-2024,New,4,1176.18
15529446,Haridwar,10-10-2023,Premium,9,854.35
20956158,Kavali,10-03-2024,Premium,7,312.69
68159723,Orai,21-05-2024,New,6,1214.62
48554440,Malegaon,28-03-2024,Regular,17,1354.99
966247,Junagadh,16-11-2023,Inactive,13,1110.76
40015980,Katni,28-06-2023,New,18,1031.91
63262519,Karaikudi,21-02-2024,Regular,10,607.45
81763298,Ichalkaranji,29-07-2023,Premium,1,1747.14
49985597,Kishanganj,06-08-2024,Regular,3,775.73
21282544,Jaunpur,28-08-2024,Regular,16,657.98
78868716,Madhyamgram,10-12-2023,Inactive,5,1774.41
30733165,Ujjain,10-05-2024,Inactive,10,1609.11
78678612,Mehsana,20-06-2024,Premium,1,795.06
48511124,Korba,15-05-2023,Inactive,10,1076.14
26412689,Bahraich,13-06-2024,Regular,1,1700.46
26303194,Pali,29-04-2023,Premium,18,1045.94
93735495,Jehanabad,23-05-2023,Regular,7,871.15
8395610,Erode,23-03-2024,Inactive,18,294.53
41640262,Ulhasnagar,17-08-2023,Inactive,9,1805.87
60618999,Pudukkottai,28-07-2024,Regular,15,1631.96
77220027,Coimbatore,11-12-2023,Premium,16,551.81
32019725,Panchkula,19-01-2024,Premium,19,1169.96
38709137,Mau,07-07-2023,Inactive,18,1307.64
11540364,Firozabad,24-09-2024,New,20,517.32
59207798,Ballia,02-07-2023,Premium,4,1441.64
10797688,Bathinda,22-05-2023,New,7,1017.39
88965399,Guntur,28-05-2024,Regular,3,1144.21
10608845,Bhilwara,29-03-2024,Premium,2,735.36
28603182,South Dumdum,02-08-2024,New,11,490.13
1152215,Dhanbad,27-05-2024,Inactive,2,1637.43
24357425,Farrukhabad,17-07-2024,Inactive,6,798.18
93924203,Jorhat,21-04-2023,Premium,18,1360.15
61406908,Deoghar,24-12-2023,Regular,1,458.39
78841932,Guna,19-04-2024,Inactive,4,979.63
67310893,Chennai,10-04-2024,New,19,1592.94
666589,Morbi,31-07-2023,Regular,15,465.38
73639935,Medininagar,21-09-2023,Inactive,10,360.91
51592174,Secunderabad,11-08-2023,New,2,794.83
12338529,Bangalore,03-10-2024,New,11,347.1
81757554,Shimoga,18-04-2024,Premium,12,1815.02
95372766,Latur,15-01-2024,Regular,9,629.05
28111842,Tirunelveli,09-09-2024,Premium,8,1892.45
27878182,Thoothukudi,30-03-2023,Inactive,1,1023.51
27353891,Parbhani,25-06-2023,Premium,20,1110.61
19179897,Orai,14-08-2023,Premium,18,1491.58
63630649,Vijayawada,02-09-2023,Premium,8,1626.79
16359370,South Dumdum,05-12-2023,Premium,1,1352.7
92123198,Bidar,30-08-2023,Regular,8,224.01
77306672,Motihari,16-09-2024,Regular,20,456.24
67696145,Bettiah,06-06-2023,Regular,18,482.94
29902416,Tenali,17-07-2023,Inactive,18,1010.11
11446157,Shimoga,18-09-2024,Inactive,8,400.97
84377964,Tezpur,24-10-2024,Inactive,13,1458.37
12591752,Singrauli,28-05-2023,Inactive,14,740.4
4940671,Silchar,17-06-2024,Inactive,7,494.03
88111697,Ballia,30-01-2024,Regular,4,1731.14
98241853,Vellore,25-04-2024,Premium,19,1203.76
75482,Korba,19-09-2024,Regular,13,1938.38
6291143,Yamunanagar,05-08-2023,Inactive,19,1934.37
20209237,Shimoga,11-02-2024,Regular,19,1121.1
85435560,Ludhiana,28-07-2024,Inactive,8,1309
68063317,Muzaffarnagar,21-10-2024,Inactive,4,1316.23
82594354,Avadi,04-01-2024,Regular,7,321.8
51040116,Berhampur,14-11-2023,Regular,11,783.03
78053306,Visakhapatnam,27-06-2024,Inactive,6,1037.09
66761643,Anand,07-05-2023,Regular,20,1432.01
81932548,Etawah,31-10-2024,Premium,12,1508.41
19682060,Jehanabad,12-02-2024,Inactive,4,850.2
1719710,Giridih,26-06-2023,New,2,1332.82
74195536,Amaravati,09-10-2024,Premium,5,650.62
15534747,Kadapa,19-09-2023,Inactive,15,362.34
95558510,Bhind,25-06-2023,Inactive,5,466.28
767523,Vasai-Virar,27-05-2023,Inactive,13,1737.28
55056284,Ichalkaranji,13-05-2024,Inactive,11,373.44
86167288,Nagpur,14-08-2023,Inactive,1,1049.94
96511007,Dindigul,26-06-2024,New,14,1243.4
31084686,Aurangabad,20-06-2024,Regular,4,893.55
99594960,Madanapalle,12-06-2023,Inactive,16,1475.23
53815931,Jaipur,19-07-2023,Inactive,17,1739.94
21597477,Bhopal,21-09-2023,Inactive,18,246.42
243838,Visakhapatnam,16-05-2024,New,11,1158.27
15484407,Kakinada,11-06-2024,Premium,18,560.95
21677923,Kakinada,18-07-2023,New,17,465.55
24845814,Raipur,31-03-2023,Regular,17,423.79
99893898,Berhampore,22-11-2023,New,16,365.4
95856869,Tirupati,08-03-2024,New,12,531.83
40275138,Bathinda,05-01-2024,Inactive,18,1468.32
12814732,Karaikudi,26-05-2023,Regular,8,1473.36
4057678,Kadapa,27-05-2023,Inactive,19,882.63
46682777,Medininagar,02-07-2024,Inactive,10,600.09
10562528,Udaipur,11-07-2024,Premium,12,887.02
31978160,Saharanpur,01-05-2024,New,8,1881.61
14207332,Aligarh,03-01-2024,Regular,18,1263.17
76019750,Thiruvananthapuram,04-01-2024,New,20,310.83
36833857,Silchar,26-02-2024,Premium,7,1882.18
84275450,Nellore,10-03-2024,Premium,17,239.05
6367136,Rohtak,17-02-2024,Regular,18,1662.44
27049432,Nagaon,08-07-2023,Premium,1,1866.16
69863493,Junagadh,09-06-2023,Regular,6,1620.01
35349582,Bhilai,28-01-2024,Premium,6,932.85
20148223,Kamarhati,26-05-2023,Inactive,5,599.99
46684081,Ghaziabad,01-04-2023,Premium,11,1225.01
49795571,Loni,08-03-2024,Premium,13,401.72
44935198,Tumkur,05-12-2023,New,14,973.32
74515162,Durgapur,19-08-2024,New,10,1605.13
54885705,Amritsar,30-03-2024,Premium,13,432.05
96793479,Ambarnath,23-08-2024,Inactive,18,1185.01
87335844,Shivpuri,29-06-2023,Premium,11,1770.89
67340606,Tirunelveli,20-06-2024,Premium,6,263.58
72667140,Mysore,30-07-2023,Premium,9,1106.22
71956734,Adoni,04-07-2024,New,8,1219.73
8536503,Ramagundam,19-04-2023,Regular,9,399.57
70179018,Bhiwani,11-09-2024,New,5,1725.79
68219091,Ongole,04-10-2024,Regular,16,529.87
71890882,Fatehpur,16-03-2024,Premium,6,907.37
44928499,Ramgarh,09-04-2023,New,10,915.27
35302195,Maheshtala,03-04-2023,New,16,420.19
25641500,Sultan Pur Majra,20-10-2024,Premium,18,241.19
29272253,Kolhapur,19-09-2024,New,18,1282.7
30643619,Shimla,31-03-2024,Inactive,5,1084.47
40800762,Pallavaram,30-10-2023,Inactive,10,1781.9
74212242,Allahabad,12-10-2023,Premium,2,1065.52
30265929,Nizamabad,04-08-2024,Premium,15,1388.33
22321208,Ballia,02-10-2024,Regular,18,558.66
60385293,Medininagar,22-02-2024,Premium,17,228.44
94137242,Bhagalpur,17-04-2023,New,14,1592.85
45477575,Vellore,05-01-2024,Inactive,4,327.93
9401406,Panipat,18-11-2023,Regular,14,792.74
21948041,Bhavnagar,21-03-2024,New,13,1381.95
39968800,Malda,29-09-2023,New,19,1877.55
29097987,Hosur,23-04-2024,Inactive,12,224.41
83304571,Dharmavaram,27-11-2023,New,19,1772.47
69126963,Mirzapur,21-02-2024,Premium,19,1352.41
26903313,Bhimavaram,25-04-2023,Regular,1,284
50899600,Bettiah,15-11-2023,New,1,989.49
12988801,Gurgaon,02-09-2024,New,8,1179.5
85869195,Rajpur Sonarpur,10-07-2024,Regular,2,1125.96
76327561,Adoni,14-08-2023,Inactive,5,553.12
54580166,Silchar,11-08-2023,Regular,8,1024.69
15931134,Darbhanga,10-03-2024,Inactive,5,760.9
79919160,Silchar,30-12-2023,Premium,8,565.61
5763963,Pimpri-Chinchwad,30-03-2023,Regular,12,1118.82
75213636,Sonipat,01-07-2024,Inactive,5,1482.83
16543242,Darbhanga,05-06-2023,Premium,6,1523.88
61568565,Yamunanagar,25-10-2024,New,2,1943.51
42227189,Sonipat,14-03-2024,Regular,19,723.21
23996221,Ramagundam,10-10-2023,Inactive,7,1783.28
76309170,Bhind,26-11-2023,Regular,18,1824.43
78157360,Udaipur,05-08-2024,Regular,20,1310.87
49833888,Parbhani,31-03-2024,Inactive,3,1908.42
60591625,Delhi,30-07-2023,New,8,374.61
5238055,Guntur,29-01-2024,Regular,3,1166.67
25221501,Orai,09-09-2023,Regular,20,1935.84
71905368,Bathinda,24-05-2023,Premium,7,479.45
54057428,Panvel,28-11-2023,New,13,1564.34
68475914,Kishanganj,27-10-2023,Inactive,6,1615.84
48358028,Gudivada,08-05-2024,Premium,14,1852.36
43367112,Gopalpur,14-12-2023,New,19,1861.66
69034027,Nagaon,02-06-2024,Regular,4,1230.08
7687234,Naihati,27-09-2024,Inactive,18,892
97411107,Medininagar,26-07-2024,New,18,1406.97
9423628,Malegaon,03-09-2023,Inactive,19,1911.7
72797175,Loni,17-11-2023,Regular,7,426.09
38875754,Ambattur,12-08-2023,Premium,9,237.42
49881540,Kottayam,13-09-2024,Inactive,10,1134.6
13462905,Farrukhabad,23-03-2023,Premium,14,809.44
37556526,Farrukhabad,14-06-2024,Inactive,18,1200.18
52032226,Jodhpur,26-08-2023,Premium,19,1551.39
75289676,Bardhaman,20-07-2023,Inactive,19,1170.53
9274874,Arrah,26-09-2024,Regular,20,792.52
36428139,Nagaon,09-04-2024,Premium,15,619.69
51994597,Mira-Bhayandar,23-08-2024,Regular,12,1591.21
95309983,Solapur,07-09-2024,New,15,1990.83
2391900,Bhagalpur,26-09-2024,New,17,897.78
82425179,Kakinada,13-06-2024,Regular,17,1532.5
45868300,Ratlam,24-08-2023,Premium,7,584.9
1855421,Kadapa,30-06-2023,Inactive,10,260.2
87256913,Bhiwandi,01-10-2024,Regular,10,990.58
15545780,Ambala,13-04-2024,Regular,18,1268.44
20951294,Anantapur,29-08-2023,Premium,4,223.45
11636968,Srinagar,21-09-2024,Inactive,1,1574.94
86636273,Chinsurah,15-07-2023,Inactive,13,529.61
40593638,Purnia,12-12-2023,Premium,18,1146.85
701493,Shahjahanpur,11-02-2024,Inactive,2,290.07
29664214,Chennai,08-01-2024,Regular,13,553.65
26278566,Satna,25-01-2024,New,14,1739.84
87251489,Thane,04-03-2024,Premium,9,1940.4
67465084,Ratlam,02-11-2023,Premium,20,1001.97
83236183,Panihati,26-03-2023,New,20,1145.01
66710182,Korba,18-03-2024,Inactive,11,1751.48
93507573,Purnia,23-10-2024,Premium,2,555.78
8733344,Jammu,02-02-2024,Premium,10,1152.02
73098723,Coimbatore,22-02-2024,New,1,474.41
49050014,Ludhiana,15-11-2023,Premium,8,1589.25
98144693,Kota,04-11-2024,Premium,10,701.68
43034188,Sirsa,28-01-2024,Inactive,2,1638.62
77673290,Sagar,04-11-2024,Premium,7,1881.39
41494517,Latur,09-04-2024,Inactive,10,860.07
85233498,Bijapur,17-06-2024,New,4,1715.9
79592021,Chittoor,16-02-2024,Regular,1,291.29
40104482,Morbi,19-08-2023,New,5,1632.94
1469696,Jalna,24-06-2023,Premium,6,1784.79
21658322,Maheshtala,29-07-2024,Regular,5,1416.06
55094848,Madanapalle,02-04-2023,Premium,14,422.78
15897933,Jabalpur,18-03-2023,Regular,1,1221.23
8138417,Nangloi Jat,28-06-2024,Premium,7,1446.82
24581427,Ahmednagar,20-08-2023,Premium,3,747.9
73428596,Kakinada,18-08-2023,Inactive,16,808.24
95428692,Motihari,21-03-2023,New,14,1834.38
51048402,Ahmedabad,13-02-2024,Premium,12,895.49
13455530,Saharsa,05-04-2024,Inactive,3,1812.55
62742184,Nandyal,21-10-2023,Premium,15,1518.76
26285589,Yamunanagar,29-10-2024,New,15,535.12
31991019,New Delhi,28-09-2023,Regular,12,1231.06
52862822,Anand,16-07-2024,Regular,14,491.28
2365348,Siwan,23-09-2024,Regular,11,1133.51
62917794,Bharatpur,12-02-2024,Regular,16,1686.74
49806393,Latur,31-03-2023,Regular,5,1229.25
65382130,Ahmednagar,24-06-2023,Regular,18,557.2
97111119,Tiruchirappalli,11-09-2024,Regular,13,1047.73
48268435,Ramagundam,05-04-2024,Inactive,15,1670.86
10796846,Tiruvottiyur,10-06-2024,Regular,2,1548.31
31233120,Lucknow,03-05-2024,Regular,2,555.76
4192351,Nandyal,20-01-2024,Inactive,17,625.36
9347990,Nizamabad,01-04-2024,Premium,6,492.04
46699982,Ulhasnagar,10-10-2023,Inactive,19,1171.6
46515922,Ghaziabad,05-09-2024,Regular,16,950.75
2164524,Rohtak,16-04-2023,Inactive,1,754.95
94854830,Kochi,27-07-2023,Inactive,5,415.65
53886685,Bhimavaram,01-05-2024,New,11,1066.86
89223620,Amravati,21-07-2023,Inactive,17,579.91
17597449,Guna,06-04-2023,Inactive,15,229.4
14167111,Kishanganj,03-08-2023,New,18,963.9
93867669,Khammam,21-02-2024,Inactive,10,1954.42
8886587,Moradabad,27-08-2023,Regular,4,951.65
53292177,Panihati,27-10-2024,Inactive,3,1449.4
66130660,Gandhinagar,20-04-2024,New,1,1673.4
29562254,Jaunpur,19-07-2023,Inactive,19,1290.14
40703374,Nandyal,02-09-2024,Regular,10,1934.68
18259715,Pudukkottai,14-05-2023,Regular,9,1731.11
63184222,Kharagpur,04-01-2024,Inactive,15,1035.69
5540556,Gangtok,28-08-2023,Regular,13,273.47
36587003,Tumkur,31-03-2023,New,5,1759.74
55028958,Howrah,10-05-2023,New,17,1168.29
86995126,Durgapur,12-06-2023,New,10,316.82
22358567,Faridabad,02-04-2023,Inactive,8,638.86
10745302,Indore,26-10-2023,Premium,5,1530.95
31410886,Sasaram,20-05-2024,Inactive,9,757.75
80476444,Eluru,27-05-2024,Premium,1,1677.06
98709982,Dehri,11-04-2024,Inactive,1,1704.93
36142455,Katni,19-03-2023,Premium,6,1476.25
71607166,Rohtak,18-09-2023,Inactive,11,1251.88
6622751,Thiruvananthapuram,10-06-2024,Inactive,9,598.89
77217240,Karawal Nagar,11-09-2024,Premium,9,414.76
31537100,Kozhikode,16-02-2024,Regular,13,917.32
38969732,Pune,08-09-2024,New,10,1501.23
81091233,Durgapur,24-04-2024,Regular,4,1993.07
13424885,Malda,14-01-2024,Premium,8,358.46
91789216,Thane,05-01-2024,New,15,1708.89
25661033,Miryalaguda,23-05-2023,New,3,1020.5
24153726,Orai,19-06-2024,Premium,16,546.12
87222820,Ulhasnagar,25-03-2023,Inactive,13,497.66
79628054,Pondicherry,25-10-2024,Premium,5,1737.81
99156138,Morbi,10-06-2023,Regular,19,911.74
6150721,Panihati,07-11-2023,New,2,1705.17
12531927,Bhiwandi,12-05-2024,New,20,1511.87
87200291,Ichalkaranji,03-02-2024,Inactive,12,526.58
34897081,Shahjahanpur,22-07-2023,Premium,18,425.92
68754962,Khammam,26-10-2023,Inactive,2,512.27
38613642,Erode,03-11-2024,Regular,16,1380.08
70589930,Sambalpur,29-09-2023,Premium,12,985.23
93937586,Medininagar,04-07-2023,New,1,651.43
8817168,Mehsana,19-08-2023,Inactive,7,1382.39
85763665,Sikar,26-06-2024,Premium,13,1062.57
39423691,Chandrapur,28-05-2024,New,18,332.84
17675915,Varanasi,18-01-2024,Inactive,4,1146.18
59141605,Motihari,10-07-2024,New,15,1739.58
89418072,Deoghar,11-10-2024,Regular,18,1748.85
89412038,Kharagpur,09-09-2023,New,7,937.66
14632090,Miryalaguda,31-03-2024,Regular,15,1620.46
70220141,Sambalpur,24-03-2024,Premium,13,469.6
79298972,Nadiad,25-06-2023,Regular,5,1975.13
78572233,Siwan,26-10-2023,Regular,7,1845.28
91382237,Bhiwani,18-03-2024,Regular,4,1790.07
25659794,Buxar,25-05-2023,Inactive,11,1192.81
88203688,Chittoor,16-04-2023,New,9,1570.98
60732869,Rajahmundry,08-04-2023,New,17,1140.22
40563029,Chandigarh,23-08-2024,Inactive,12,1203.36
34237583,Hapur,08-09-2024,New,1,231.43
51174875,Saharsa,26-05-2023,Inactive,7,1276.61
41261495,Bhagalpur,20-10-2024,Inactive,5,687.71
46876240,Vijayanagaram,16-06-2023,Premium,5,1588.64
20940403,Dhule,08-05-2023,Premium,11,1511.1
52234494,Bhopal,25-07-2023,Premium,4,766.95
25503067,Alwar,15-08-2023,New,1,1257.76
3491230,Khora ,01-06-2023,New,14,226.62
16420489,Nandyal,01-04-2024,New,14,1368.05
57291761,Pallavaram,29-08-2024,Regular,8,1338.09
21573815,Allahabad,26-09-2023,Premium,2,206.87
82854537,Varanasi,05-05-2024,Inactive,2,1027.48
88684966,Surat,08-07-2024,New,10,711.72
65143359,Bhind,17-02-2024,Premium,14,1071.2
77625089,Rourkela,23-10-2023,New,1,1879.39
8361353,Bhiwani,17-02-2024,New,3,632.74
95269737,Machilipatnam,10-03-2024,Regular,19,413.46
83701325,Dehradun,11-04-2023,Premium,10,1515.8
98667584,Jaipur,27-10-2024,Premium,8,1072.65
51476157,Burhanpur,21-08-2024,Inactive,10,1033.16
2848415,Aurangabad,13-07-2024,Inactive,9,1798.13
71235336,Bokaro,30-01-2024,Regular,16,248.21
79206969,Jamalpur,17-11-2023,Regular,1,721.13
27971619,Mirzapur,11-10-2023,New,3,1691.32
66427343,Dewas,25-08-2023,Premium,17,265.15
50392139,Jamnagar,02-07-2024,Inactive,16,991.26
46088132,Sasaram,09-05-2024,New,13,321.43
61226563,Vadodara,06-01-2024,Regular,5,417.98
5386246,Kadapa,19-05-2023,Inactive,5,1741.42
97739583,Hapur,21-07-2023,Inactive,17,1522.55
67711384,Bilaspur,06-09-2024,Premium,8,700.6
77320193,Jalgaon,03-10-2024,Premium,4,1568.02
44409533,Tadipatri,10-03-2024,New,12,1728.95
84287579,Raurkela Industrial Township,14-11-2023,Premium,4,1655.6
25595836,Orai,22-10-2023,New,18,314.17
17681645,Bhagalpur,21-12-2023,Premium,15,1381.26
95364457,Ramagundam,21-02-2024,Premium,13,1137.59
23348269,Ahmednagar,28-02-2024,Inactive,9,1251.82
95858939,Raiganj,19-10-2023,Regular,8,1823.58
46313756,Kolhapur,26-03-2023,Premium,10,1245.36
38694209,Uluberia,23-08-2024,Premium,20,1335.82
54680459,Vijayanagaram,29-08-2023,Regular,8,585.9
67952740,Raebareli,17-07-2024,Regular,19,319.1
90665975,Nangloi Jat,24-09-2023,Inactive,15,271.25
35237846,Guna,11-09-2023,Premium,20,1968.65
85476508,Pallavaram,22-05-2024,Inactive,18,1607.33
20122449,Cuttack,22-01-2024,New,12,1298.4
40392019,Eluru,08-02-2024,Premium,8,1419.8
25587553,Imphal,24-09-2023,Regular,12,689.82
27727819,Nagercoil,28-10-2023,Inactive,8,1175.48
65396354,Hindupur,18-03-2023,Inactive,20,1738.21
84953008,Bongaigaon,09-09-2024,Inactive,3,1187.65
22081691,Satara,16-11-2023,New,13,361.38
77086074,Hazaribagh,02-12-2023,Regular,3,737
13978108,Kota,16-03-2024,Premium,7,1307.21
3421258,Kota,19-06-2024,Premium,19,806.62
82160592,Chittoor,31-12-2023,New,15,568.11
4458329,Mira-Bhayandar,01-07-2024,Inactive,10,1617
92038780,Pallavaram,03-08-2023,Premium,12,445
63376126,Kollam,30-10-2024,Inactive,2,1176.22
62816600,Kavali,24-04-2024,Inactive,2,1790.22
25713335,Chennai,10-02-2024,New,16,1362.71
58111297,Sambalpur,16-08-2023,Regular,20,1149.62
22571994,Bihar Sharif,08-07-2024,Regular,2,912.9
47711422,Bhatpara,26-10-2023,Inactive,20,1234.7
35885052,Bhiwandi,24-09-2023,Inactive,1,1838.87
51503088,Kumbakonam,23-02-2024,New,20,1651.36
47043878,Bilaspur,13-06-2024,Premium,18,1411.67
72495274,Aizawl,30-01-2024,New,11,1364.51
6081270,Gaya,17-08-2024,Inactive,15,969.51
38048329,Pali,01-10-2024,New,1,904.76
69089982,Noida,16-09-2024,Inactive,5,1831.09
59909004,Haridwar,09-11-2023,New,15,731.88
79607319,Indore,31-08-2023,New,6,942.14
66742602,Jalna,01-07-2023,New,14,1981.09
24032469,Muzaffarnagar,07-11-2023,New,14,814.5
65772743,Erode,02-08-2024,Regular,14,1780.68
15661901,Kumbakonam,31-10-2024,Regular,1,764.57
21866852,Guwahati,14-11-2023,Premium,18,1480.38
79478655,Silchar,15-08-2024,Regular,9,1845.26
13164195,Durg,26-11-2023,Premium,17,786.74
38565569,Anantapuram,01-03-2024,Premium,5,1765.01
10225164,Dehri,25-09-2024,Inactive,20,491.07
72946405,Kulti,07-02-2024,Premium,6,1287.78
97557157,Bardhaman,22-01-2024,Regular,1,800.21
32595806,Chandigarh,30-05-2024,Inactive,19,442.13
53100521,Gandhidham,02-03-2024,Inactive,3,982.11
59252433,Karaikudi,20-09-2024,Regular,1,990.53
59890331,Chennai,01-11-2024,Premium,16,552.68
95001589,Asansol,23-08-2024,Regular,20,1788.42
53076417,Malda,23-02-2024,Inactive,6,411.27
82286725,Orai,17-10-2024,Premium,18,1322.85
13383642,Mumbai,02-04-2024,Regular,16,1114.11
52215833,Sirsa,27-09-2024,Regular,5,305.65
67271824,Salem,13-09-2024,Inactive,11,1765.06
78903046,Karawal Nagar,16-04-2023,Regular,7,1371.83
90021871,Thiruvananthapuram,04-08-2023,Regular,2,1907.98
97286925,Vellore,30-08-2023,Inactive,20,617.71
6186471,Chittoor,18-09-2024,New,17,1619.95
5039883,Purnia,19-12-2023,Inactive,15,610.99
90882023,Begusarai,12-06-2023,Premium,11,1137.49
33295496,Haldia,12-01-2024,Premium,14,1136.17
72393904,Mumbai,25-07-2024,Inactive,8,1920.6
15830066,Mira-Bhayandar,18-10-2024,New,19,936.66
93341057,Maheshtala,15-10-2023,Inactive,20,1783.53
64106072,Deoghar,13-04-2023,Inactive,3,1704.43
62742797,Fatehpur,30-08-2023,Premium,13,979.11
79591237,Thane,23-12-2023,Premium,6,1695.64
59095971,Amroha,08-09-2023,Inactive,15,311.21
34768050,Dhanbad,21-11-2023,Inactive,17,1358.51
15221182,Visakhapatnam,19-08-2023,Inactive,11,1871.46
66655397,Pali,23-04-2023,New,5,775.85
63971358,Mau,24-06-2023,Regular,2,1159.84
38615653,Motihari,30-03-2024,Regular,8,1501.01
30192942,Jodhpur,04-02-2024,Premium,8,1400.72
4444673,Srikakulam,24-06-2023,New,15,584.69
25850478,Danapur,05-04-2024,Inactive,2,679.32
50484778,Kanpur,16-05-2024,Inactive,2,1495.86
30891209,Gudivada,22-07-2024,New,1,1815.35
91144803,Imphal,16-09-2023,Regular,16,650.17
79764621,Rajahmundry,15-05-2023,Premium,5,1830.61
87823209,Tadepalligudem,08-04-2023,Inactive,18,983.94
26432512,Khora ,17-12-2023,New,18,1092.52
34526570,Mysore,29-07-2024,New,19,847.76
35358395,Dindigul,05-10-2023,Inactive,12,787.28
20634789,Chinsurah,02-07-2024,New,12,1223.43
11047835,Tinsukia,31-01-2024,Regular,6,573.38
17201639,Korba,23-05-2023,New,15,1472.23
87718744,Bathinda,29-09-2023,Regular,6,863.84
75474920,Serampore,20-10-2024,Regular,18,569.23
57956497,Kurnool,05-10-2024,Inactive,1,460.65
14114543,Muzaffarnagar,29-03-2023,Inactive,20,659.52
5043760,Davanagere,28-11-2023,Regular,2,1154.94
66359719,Nagercoil,20-05-2024,Regular,2,949.36
32656885,Durgapur,01-08-2023,New,1,309.43
2457734,Ahmednagar,27-05-2023,Premium,12,923.06
9702217,Shahjahanpur,17-09-2024,New,6,1209.86
55425478,Surendranagar Dudhrej,05-07-2024,Inactive,12,1605.51
50781611,Nagpur,24-05-2023,Regular,16,315.86
39150258,Gandhinagar,19-04-2023,Inactive,17,945.82
77035814,Bhimavaram,03-06-2023,Inactive,11,585.35
35459748,Firozabad,29-01-2024,Inactive,12,288.29
7728356,Raebareli,18-03-2024,New,10,202.43
75632045,Silchar,10-08-2023,Regular,15,1268.29
40667183,Bidar,09-09-2024,New,19,1815.79
63368244,Danapur,01-08-2024,New,19,1245.73
16448993,Korba,19-09-2023,Inactive,14,1691.92
3096845,Guntakal,22-10-2023,New,20,336.81
26863280,Rajkot,25-11-2023,Inactive,8,301.34
28428852,Mira-Bhayandar,11-04-2023,Inactive,7,872.25
37691544,Darbhanga,15-10-2024,Inactive,15,1599.46
70976153,Ahmednagar,01-03-2024,New,7,1480.3
25287111,Thane,25-02-2024,Inactive,9,581.43
82900175,Baranagar,01-06-2023,New,17,334.16
93699264,Hubli–Dharwad,14-10-2023,Inactive,17,1846.48
73869823,Mysore,18-05-2023,Regular,8,1225.49
32293017,Gudivada,21-01-2024,Inactive,16,691.29
44030130,Ghaziabad,31-07-2024,Regular,4,904.08
1200365,Thane,21-06-2023,Regular,1,1170.74
96903782,Kakinada,12-01-2024,Regular,5,504.83
35278126,Tumkur,24-12-2023,Premium,12,1956.57
6756256,Bellary,06-07-2023,Premium,13,1902.9
8073518,Nellore,07-01-2024,Premium,16,946.2
76857266,Mumbai,22-06-2024,Premium,17,1514.21
49241309,Gurgaon,19-06-2024,Inactive,11,1340.89
80952275,Bongaigaon,06-07-2024,New,17,1928.27
31576845,Madurai,07-07-2023,New,12,1389.96
47515046,Jamshedpur,27-12-2023,New,18,1095.92
98930670,Singrauli,11-06-2024,Regular,6,1092.16
24621386,Rajahmundry,15-11-2023,Premium,14,344.08
53399500,Kadapa,01-07-2024,Regular,18,1012.5
52815265,Pudukkottai,12-05-2024,New,10,806.63
61015113,Amroha,17-11-2023,Regular,4,1764.18
63624332,Rewa,17-08-2023,Inactive,19,387.57
28286754,Singrauli,18-03-2024,Regular,16,1337.18
60835946,Fatehpur,24-04-2024,Inactive,14,1400.1
59620534,Ambattur,16-01-2024,Premium,15,1340.99
820740,Ambala,15-11-2023,Premium,1,1385.46
91602727,Indore,31-08-2023,Inactive,5,1156.54
50848069,Belgaum,07-03-2024,Inactive,11,586.25
55049973,Srikakulam,27-03-2024,Regular,16,206.54
12397668,Guwahati,09-05-2024,Premium,13,204.06
61516967,Erode,20-02-2024,Regular,9,556.81
96853930,Bhopal,03-07-2023,Premium,16,462.19
91853589,Jalna,17-06-2024,New,5,918.69
7228206,Jalgaon,25-05-2023,New,15,843.79
41612464,Bhavnagar,06-08-2023,Regular,18,874.93
10683250,Bhagalpur,19-07-2024,Regular,14,480.47
94078407,Uluberia,23-01-2024,Premium,4,1370.22
26364643,Morena,22-08-2024,Inactive,9,1086.68
85016568,Tinsukia,17-07-2024,Regular,2,367.12
11153360,Amaravati,01-04-2024,Inactive,20,1575.46
88532418,Gorakhpur,21-10-2024,New,12,344.66
66023110,Kottayam,03-11-2023,New,20,1807.56
18229949,Danapur,15-04-2023,Inactive,10,466.33
58873572,Nanded,10-09-2023,Premium,13,1721.61
5001749,Kota,06-06-2023,Inactive,3,1623.48
6668498,Ratlam,08-05-2024,Inactive,11,1413.4
13441874,Berhampur,09-04-2023,Inactive,2,602.63
52915166,Dehri,28-06-2024,Inactive,18,505.66
41647393,Sirsa,09-11-2023,Inactive,11,1785.8
51945420,Tiruppur,05-04-2023,Premium,3,412.9
53640286,Mathura,12-11-2023,Premium,20,1368.38
15599514,Tezpur,18-04-2023,Regular,20,1171.07
55552600,Gorakhpur,30-10-2024,Regular,14,1412.54
78439088,Ballia,27-06-2024,Regular,6,1507.04
42947770,Bhalswa Jahangir Pur,18-09-2024,New,16,1358.53
66252737,Warangal,12-09-2024,Premium,15,1188.67
71615827,Bulandshahr,23-03-2024,Premium,3,900.98
15487049,Motihari,13-02-2024,New,15,1928
85218071,Hyderabad,28-04-2023,New,20,1125.33
24456825,Indore,21-12-2023,Inactive,18,363.12
15043066,Rohtak,12-02-2024,Inactive,2,1748.41
98246574,Chinsurah,24-03-2023,Premium,15,1904.61
80567870,Khammam,05-06-2024,Regular,1,1769.49
92843141,Kota,02-04-2023,Premium,1,502.79
62416456,Medininagar,25-09-2023,Inactive,18,752.91
6245778,Guntakal,11-01-2024,Premium,17,1779.46
80315623,Loni,14-10-2024,New,14,1313.73
46623192,Nizamabad,22-10-2024,New,6,1970.59
27504517,Bardhaman,30-06-2023,New,18,1175.7
22800586,Bijapur,12-06-2024,New,10,1332.02
17287733,Morbi,27-04-2024,Premium,12,1897.84
87691707,Miryalaguda,05-04-2024,Inactive,18,1423.63
8655667,Gwalior,16-07-2023,Premium,1,456.16
2442235,Latur,17-05-2024,Premium,11,661.58
41073776,Meerut,02-03-2024,Premium,8,1366.55
45659330,Gwalior,28-07-2024,New,19,1364.9
79369660,Purnia,11-12-2023,Premium,13,1085.69
44269569,Agra,16-06-2024,New,18,812.22
46848302,Gulbarga,15-07-2024,Premium,15,1657.96
83034412,Jamnagar,22-04-2024,New,11,1077.88
26912171,Rampur,21-06-2024,New,2,386.54
71229024,Jamalpur,10-02-2024,New,4,1869.02
20835909,Tinsukia,02-04-2023,Premium,9,713.25
83155219,Satara,18-02-2024,Inactive,5,1433.81
80286283,Ahmednagar,10-10-2023,Regular,8,311.01
30367559,Aligarh,29-09-2024,Regular,6,1419.6
76082627,Jehanabad,03-07-2024,Inactive,4,770
41874489,Ahmedabad,09-04-2023,Regular,2,1944.43
47335806,Pimpri-Chinchwad,25-05-2024,Regular,9,1188
59824662,Bhilwara,18-05-2024,Premium,1,741.83
16436359,Kota,26-07-2024,New,9,1485.15
45383958,Rewa,02-10-2024,New,19,482.19
52613657,Sultan Pur Majra,16-03-2023,New,9,470.5
36675827,Patiala,07-10-2024,Inactive,15,1143.03
80800079,Bidhannagar,12-05-2023,Inactive,18,508.84
45066676,Satna,25-03-2023,Premium,1,1076.85
1060685,Mango,07-03-2024,Inactive,4,999.24
87536050,Vadodara,02-04-2023,Regular,18,1857.99
67829645,Jamalpur,08-11-2023,New,4,711.83
45700473,Thoothukudi,23-12-2023,Inactive,12,525.38
90144978,Chittoor,10-07-2024,Regular,3,1017.23
96629258,Chandigarh,07-07-2023,Inactive,14,1462.21
76925460,Kharagpur,17-05-2024,Regular,2,1526.55
59190584,Vijayawada,19-05-2024,Premium,6,1175.38
24323106,Amaravati,12-02-2024,Inactive,19,384.21
66354642,Tenali,30-03-2024,Premium,7,1153.17
17390673,Korba,23-10-2024,Regular,16,1043.26
80419534,Sagar,02-01-2024,Premium,19,993.78
4439806,Mathura,19-04-2024,New,7,790.59
89811984,Ramgarh,26-07-2023,Regular,3,1957.67
44223796,Erode,16-06-2023,Regular,16,1449.84
88223261,Navi Mumbai,14-01-2024,Regular,7,532.31
90372221,Jabalpur,30-05-2023,Regular,6,1923.68
87213891,Sonipat,03-06-2023,New,1,1382.19
45729563,Bijapur,13-08-2023,New,14,725.66
10706516,Miryalaguda,18-08-2024,Regular,13,1420.97
25526479,Hazaribagh,16-03-2023,Regular,2,391.73
90902199,Kishanganj,27-06-2024,Regular,17,707.15
89874335,Raiganj,14-04-2023,New,15,808.55
27381533,Rampur,06-08-2023,Premium,9,1414.83
50652833,Belgaum,20-04-2024,Premium,16,274.21
65391539,Satara,27-04-2024,New,3,446.4
59517074,Ichalkaranji,12-05-2023,Premium,3,1693.23
66943324,Gorakhpur,13-08-2023,Premium,19,1013.57
67386193,Pali,01-06-2024,Regular,14,1029.98
96009692,Bhagalpur,28-07-2024,Regular,15,1970.23
89986926,Kota,04-11-2024,New,18,1235.14
58170168,Sasaram,03-08-2023,Premium,16,757.56
17392512,Secunderabad,04-07-2024,Premium,14,1902.78
10038382,Bahraich,15-08-2023,Inactive,3,339.73
98691989,Bhavnagar,30-08-2024,Regular,18,1980.1
14323169,Firozabad,15-05-2023,Inactive,20,1651.18
67729191,Karimnagar,31-12-2023,New,17,722.69
57063557,Raurkela Industrial Township,27-06-2023,Inactive,5,1465.59
83058329,Varanasi,13-07-2024,Inactive,6,248.96
17521263,Serampore,23-06-2024,Inactive,19,1990.96
37904682,Bhimavaram,03-10-2024,Premium,20,567.65
30447453,Thanjavur,01-06-2023,Premium,14,389.39
73661993,Hajipur,28-08-2024,Inactive,2,1800.62
97277696,Jamalpur,21-06-2023,Premium,8,1630.93
27336589,Ghaziabad,28-12-2023,New,11,678.05
66499992,Haridwar,17-04-2024,Regular,11,927
14367270,Jabalpur,28-03-2024,Inactive,16,763.23
30373140,Kishanganj,28-07-2024,Regular,2,596.71
96171594,Jodhpur,28-06-2023,Regular,19,385.02
35402531,Kulti,04-06-2023,New,11,1808.3
82989313,Deoghar,20-09-2024,Inactive,15,1060.18
93826036,Hazaribagh,20-03-2023,Premium,19,1143.97
87444738,Satna,16-08-2023,Inactive,9,1435.78
92356639,Udaipur,20-07-2023,Inactive,10,261.81
46836361,Bikaner,22-11-2023,Premium,16,545.22
25770577,Jaipur,17-07-2023,Regular,17,1095.13
59094034,Nangloi Jat,22-05-2023,Regular,1,771.9
65543312,Mumbai,28-07-2024,New,4,1209.29
28205701,Panvel,25-10-2024,Inactive,10,1286.02
81346291,Nizamabad,07-08-2023,Premium,11,490.48
79764458,Etawah,21-12-2023,New,3,501.25
42101831,Madhyamgram,16-09-2023,Inactive,8,212.33
34657654,Ramgarh,24-06-2024,Inactive,18,1243.18
3730316,Berhampore,20-03-2023,Regular,10,215.72
86479284,Davanagere,17-10-2024,Premium,9,461.87
81174361,Bhopal,16-07-2024,Inactive,12,223.29
13251137,Rampur,19-05-2023,Premium,2,1633.07
53523251,Ranchi,17-03-2024,New,4,1871.94
84382654,Pali,24-10-2024,Inactive,3,540.83
22076522,Hindupur,13-05-2024,Regular,5,1670.28
26521850,Kishanganj,10-06-2023,New,10,215.87
12277039,Unnao,13-09-2023,Regular,1,1422.63
39153585,Tirunelveli,03-03-2024,Premium,9,1851.83
99231937,Secunderabad,13-08-2023,Regular,16,1757.01
49970560,Guwahati,17-10-2023,Regular,15,1587.05
68985290,Ujjain,11-12-2023,Premium,17,1779.1
48000260,Bulandshahr,28-09-2023,Inactive,18,592.51
2136830,Bidhannagar,19-09-2023,New,4,485.78
44426129,Vasai-Virar,23-09-2023,Regular,10,591.55
57081965,Patna,14-10-2024,Regular,7,897.32
34156884,Kolkata,02-06-2023,Regular,14,877.65
27694927,Nagpur,11-06-2024,Premium,8,267.32
16230299,Pune,22-08-2024,Regular,4,1776.71
99424244,Mumbai,30-03-2024,Premium,15,379.8
3893903,Bathinda,23-03-2023,New,20,1922.71
42989999,Mahbubnagar,17-03-2024,New,2,247.46
16617201,Hosur,20-01-2024,New,8,355.17
46615831,Raurkela Industrial Township,28-05-2024,Inactive,4,855.3
55286608,Kozhikode,11-04-2024,New,11,374.96
79789048,Ozhukarai,04-11-2023,Regular,17,771.05
92885616,Delhi,07-02-2024,Inactive,13,285.81
8375298,Begusarai,16-06-2023,Premium,5,443.91
75560116,Karaikudi,04-10-2024,Regular,3,708.22
81462774,Junagadh,13-03-2024,Regular,12,1895.04
89784343,Dibrugarh,02-04-2024,Premium,11,673.6
38355752,Panvel,31-10-2023,Premium,20,336.21
39976965,Pimpri-Chinchwad,03-05-2024,Regular,13,714.17
33280073,Tadepalligudem,01-07-2023,Inactive,17,1537.47
46594066,Giridih,15-07-2024,Premium,7,519.46
90298394,Bhilwara,22-04-2023,Regular,1,1947.79
42465414,Kadapa,26-01-2024,Regular,17,1898.12
13850004,Kozhikode,15-12-2023,Premium,15,1129.76
55060796,Satara,02-07-2024,New,5,1299.25
25829710,Faridabad,21-01-2024,New,4,1894.32
53782978,Junagadh,05-08-2024,New,10,1390.84
76441843,Gulbarga,28-05-2023,New,10,1437.54
4543215,Satna,21-10-2023,Premium,6,526.7
86444757,Jabalpur,25-05-2023,New,10,1212.75
22161071,Jalna,30-06-2023,New,7,1582.43
66310963,Dewas,27-05-2023,Inactive,6,1289.52
57340963,Proddatur,29-02-2024,Regular,2,230.19
49147776,Panvel,04-07-2024,Inactive,5,1115.7
90743791,Morbi,16-04-2023,Inactive,5,1871.81
54222320,Pali,24-07-2023,Regular,19,295.18
6184558,Tezpur,06-06-2023,Regular,1,1352.97
46989310,Hindupur,03-10-2024,Regular,17,577.75
35420673,Chennai,16-10-2023,Premium,19,501.98
9450435,Bellary,19-11-2023,Regular,1,1567.76
34853377,Nanded,04-06-2023,Premium,8,732.53
91384030,Arrah,25-12-2023,Premium,11,1621.1
84641682,Bhilai,23-09-2024,Inactive,16,909.95
97259564,Khammam,18-02-2024,Premium,6,1047.69
88553721,Kadapa,10-09-2023,Regular,6,984.13
59518795,Jodhpur,09-11-2023,New,16,947.51
81533356,Tiruppur,28-01-2024,Premium,14,674.3
12469338,Coimbatore,30-01-2024,Inactive,2,1896.89
60561655,Nashik,26-12-2023,Regular,3,378.17
9105829,Begusarai,14-07-2023,Regular,11,1350.06
33034249,Bhind,19-10-2024,Inactive,5,861.55
69632084,Etawah,07-04-2024,Premium,17,1400.31
69516494,Kanpur,23-09-2024,Regular,12,1291.92
87120918,Malda,12-04-2024,Inactive,10,1017.63
25665997,Muzaffarnagar,21-08-2024,Regular,3,1188.16
48778633,Pimpri-Chinchwad,13-12-2023,New,14,609.63
89617089,Bidhannagar,20-04-2024,New,9,541.33
61877649,Nagaon,25-10-2023,Premium,12,1739.04
46185579,Siliguri,18-08-2024,Premium,3,1874.34
8734819,Surendranagar Dudhrej,11-11-2023,New,13,1466.9
46208150,Meerut,05-02-2024,New,3,1283.1
13189939,Bhopal,04-05-2024,Inactive,17,1906.92
93318833,Indore,10-01-2024,New,19,490.94
75640174,Akola,26-07-2024,Premium,2,1380.54
69415494,Rajkot,23-03-2023,New,9,706.67
58505903,Kottayam,22-01-2024,New,18,1079.81
90184276,Kurnool,12-02-2024,Inactive,1,580.47
5226128,Bhimavaram,09-03-2024,New,10,1049.1
99347871,Muzaffarnagar,01-12-2023,Regular,3,1535.03
57081917,Howrah,16-12-2023,Inactive,6,1378.87
18791381,Jamalpur,02-03-2024,Premium,1,1206.26
94979163,Kanpur,14-05-2024,New,7,1146.5
81822935,Nanded,19-08-2023,Regular,18,1808.94
63310076,Etawah,15-05-2024,Regular,17,1123.43
80862136,Ambattur,31-03-2024,Premium,16,393.28
64316806,Karnal,07-07-2024,Regular,2,836.58
37183511,Gopalpur,29-07-2024,New,13,1855.04
52085702,Fatehpur,13-09-2023,New,8,801.83
16376189,Chapra,25-02-2024,Premium,10,271.53
17132416,Solapur,02-01-2024,Regular,20,644.85
66440188,Haldia,15-08-2023,Premium,9,1976.52
10700664,Raebareli,10-10-2024,Regular,5,1535.01
12769552,Ratlam,03-05-2023,Regular,10,1316.09
89142848,Rajkot,01-01-2024,New,11,1459.23
32006907,Guwahati,28-09-2023,Regular,13,879.66
85072416,Loni,03-01-2024,New,20,467.12
23755474,Jodhpur,13-09-2024,Premium,9,854.81
26752630,Delhi,25-09-2024,Inactive,5,1340.67
59353207,Khammam,31-05-2023,Inactive,2,1618.52
12090436,Asansol,19-03-2023,Regular,18,1307.52
97419742,Adoni,09-10-2023,Inactive,7,1663.04
99772709,Tadepalligudem,03-09-2023,Regular,11,1905.19
88667557,Chennai,16-04-2024,New,10,792.85
4394659,Pune,25-08-2023,New,7,291.77
52757321,Bulandshahr,26-04-2024,New,11,1059.22
19275474,Lucknow,22-10-2024,New,14,698.12
55404382,Guntakal,25-09-2023,Premium,19,950.79
70084516,Pallavaram,10-03-2024,New,11,486.51
29265216,Bidar,22-04-2024,New,3,609.49
16785724,Vellore,06-08-2023,Regular,16,1768.52
14272050,Satna,26-11-2023,New,7,662.99
95736310,Morbi,08-01-2024,Premium,11,1954.12
14079305,Warangal,08-09-2024,Premium,17,567.1
71189232,New Delhi,28-06-2024,Inactive,14,1754.14
61486140,Amritsar,15-12-2023,Inactive,15,1967.78
76008165,Katihar,07-02-2024,Premium,6,1724.44
63060947,Hindupur,11-06-2024,New,18,1884.15
25706121,Srinagar,03-03-2024,Premium,12,1453.68
55803572,Rewa,27-03-2023,Premium,17,1237.96
38133873,Khammam,13-04-2024,Premium,10,770.71
73735548,Haldia,11-06-2023,Premium,7,554.65
12778027,New Delhi,26-05-2023,New,9,1513.18
42781544,Faridabad,05-12-2023,New,1,1248.16
78725001,Machilipatnam,01-11-2024,Regular,15,1105.15
20254516,Nandyal,23-07-2024,Inactive,18,1536.88
97928781,Gaya,24-05-2024,Inactive,2,1278.88
3875480,Berhampur,26-05-2024,Inactive,8,1863.49
27416314,Kanpur,02-03-2024,Inactive,3,820.6
77214094,Khammam,09-07-2023,New,6,1957.35
77661491,Hosur,23-06-2024,New,20,1628.56
10285414,Shimla,13-07-2023,Inactive,18,993.5
8205155,Sagar,12-08-2023,New,3,305.85
29361038,Aurangabad,14-08-2023,New,19,282
6319646,Udupi,20-02-2024,Regular,9,518.17
22738465,Narasaraopet,02-07-2023,Inactive,16,1903.09
37947202,Nandyal,25-01-2024,Regular,3,259.96
93284515,Mumbai,01-12-2023,New,2,1324.95
84161531,Rohtak,12-07-2024,Premium,19,1681.88
22293666,Saharsa,09-04-2023,New,2,1671.53
15236510,Serampore,13-12-2023,New,11,937.26
34787383,Anantapur,12-10-2024,Premium,17,292.41
18954314,Mau,18-10-2024,Inactive,6,1781.37
20298398,Ahmednagar,22-12-2023,New,1,1049.6
33617546,Bhopal,24-09-2024,New,12,239.2
76359458,Hosur,22-07-2023,New,2,1638.08
96640716,Sikar,15-10-2024,New,16,462.66
78847070,Anantapur,27-07-2023,Inactive,12,1918.04
27513158,Aizawl,05-03-2024,New,7,1387.81
65618148,Gandhinagar,29-03-2023,Inactive,9,1644.51
68307253,Dewas,24-10-2024,Premium,7,1547.07
87889031,Bhimavaram,10-06-2023,Regular,18,836.6
70243933,Mahbubnagar,05-08-2023,Regular,13,476.91
12141418,Ambala,04-09-2023,Inactive,5,862.68
60565603,Madhyamgram,18-07-2024,New,11,949.6
64906311,Sikar,26-07-2024,Inactive,10,1124.25
12851610,Proddatur,06-08-2024,Inactive,14,633.41
84937877,Guntur,11-06-2023,Premium,4,1863.17
49574186,Barasat,17-09-2024,Premium,13,625.97
65221572,Delhi,04-03-2024,New,17,1100.53
4758426,Vijayawada,06-01-2024,New,14,448.81
84826389,Sonipat,28-11-2023,Premium,13,1607.4
42102289,Raebareli,05-09-2024,New,20,1310.74
11063505,Udaipur,01-11-2024,New,2,1285.79
84862161,Farrukhabad,14-02-2024,New,12,1512.98
88520326,Asansol,26-11-2023,Premium,14,1537.05
8025622,Bulandshahr,14-03-2024,Regular,15,1160.55
99361865,Berhampur,21-05-2023,New,20,1423.56
40841791,Mysore,26-06-2023,New,4,851.79
20360447,Akola,25-10-2024,New,2,640.41
90647204,Muzaffarnagar,14-10-2023,New,13,1124.52
78748184,Karawal Nagar,22-11-2023,Regular,13,533.74
65121696,Mirzapur,19-10-2024,New,7,425.04
99729547,Gwalior,07-12-2023,New,17,1763.46
65692224,Jaunpur,18-03-2023,Regular,3,1053.33
22613559,Berhampur,21-12-2023,Premium,10,736.33
17749347,Panchkula,26-07-2024,Premium,15,1842.37
57526322,Kishanganj,19-07-2023,Premium,2,601.98
1589656,Gorakhpur,26-05-2024,Premium,13,1548.76
58085779,Berhampur,09-08-2024,New,19,1602.11
70221073,Etawah,22-05-2023,Premium,16,1074.21
77869660,Gandhinagar,20-11-2023,Premium,8,439.41
38957713,Uluberia,05-08-2023,New,19,935.68
51544662,Chinsurah,17-12-2023,New,15,1352.21
37309023,Guntur,05-12-2023,Premium,10,1270.38
99707100,Munger,24-02-2024,Inactive,9,1089.92
59643062,Aligarh,27-09-2024,Inactive,11,416.94
22227829,Bhiwani,18-09-2024,New,17,1386.69
20343501,Sasaram,12-04-2023,Inactive,19,1070.47
48409448,Ludhiana,07-05-2024,New,18,1652.89
55038040,Agartala,14-01-2024,New,8,505.03
34755436,Kolkata,01-06-2023,New,10,622.59
87463923,Katihar,21-03-2024,Inactive,5,216.98
28499191,Thoothukudi,24-07-2023,Premium,11,1018.2
37759707,Sultan Pur Majra,02-10-2023,Premium,12,924.06
26936578,Maheshtala,05-04-2024,Regular,5,1610.07
22020776,Bhiwandi,23-05-2023,Regular,10,714.21
47618810,Ghaziabad,27-05-2024,Inactive,17,1395.84
53605257,Haridwar,23-09-2023,Regular,3,444.54
28289030,Dehri,11-10-2024,Regular,11,1739.54
26935187,Chandrapur,03-11-2023,Premium,9,919.12
75944533,Jabalpur,21-10-2023,Inactive,19,577.89
31389750,Karaikudi,18-08-2023,New,18,1600.66
99784559,Allahabad,14-07-2024,Inactive,18,218.41
87450286,Asansol,25-12-2023,Premium,9,1856.86
94850985,Delhi,08-11-2023,New,8,1923.29
3660263,Phagwara,27-05-2023,Regular,10,1573.91
61982521,Faridabad,29-11-2023,Inactive,3,1995.09
29973346,Sambhal,02-02-2024,Premium,1,1786.85
894128,Durgapur,20-07-2023,Inactive,5,1323.32
40871915,Mehsana,10-02-2024,Premium,8,1636.24
41972994,Bhatpara,21-07-2023,Inactive,16,748.34
11082181,Kalyan-Dombivli,15-02-2024,Premium,6,624.4
26040510,Kadapa,03-10-2023,Premium,5,507.99
82770142,Karaikudi,08-09-2024,New,2,1834.58
46504355,Arrah,04-04-2023,Regular,15,294.04
40419593,Dibrugarh,27-08-2024,Inactive,20,787.07
31076002,Tinsukia,19-05-2023,New,5,1389.14
91590001,Kolhapur,19-09-2023,Premium,13,1304.73
76377003,Chandigarh,07-08-2024,Inactive,10,842.66
40626729,Tinsukia,19-03-2024,Regular,1,1921.19
50680889,Thoothukudi,22-02-2024,New,1,619.56
41439103,Junagadh,20-09-2024,Premium,6,1326.63
35782051,Mango,26-11-2023,New,1,1090.28
71252391,Kulti,24-05-2024,New,8,1558.97
56764791,Hindupur,08-09-2024,Regular,10,1226.1
50652909,Farrukhabad,25-02-2024,Regular,8,559.99
29451600,Amritsar,15-04-2023,New,5,1882.69
38114014,Mumbai,03-01-2024,New,12,1006.24
25977417,Berhampore,13-04-2024,Inactive,11,399.59
39418109,Navi Mumbai,29-07-2023,Inactive,19,928.13
80761521,Latur,17-05-2024,Inactive,5,850.56
54375571,Korba,30-09-2023,Premium,4,405.49
50968312,Maheshtala,17-02-2024,Inactive,13,1794.46
33829924,Kanpur,18-12-2023,New,18,615.52
29562072,Hindupur,10-08-2023,New,10,1449
4618801,Jodhpur,16-11-2023,Premium,11,201.56
30535703,Morbi,06-06-2024,Regular,3,301.96
10605484,Visakhapatnam,17-05-2024,Inactive,13,652
8164639,Gandhidham,27-05-2024,Premium,11,329.17
63360864,Bhopal,28-03-2024,Inactive,16,1804.42
2361575,Faridabad,14-09-2023,New,19,1993.09
59485034,Agartala,20-03-2023,New,1,1762.35
6025470,Sagar,17-08-2024,Premium,12,1599.39
31371112,Darbhanga,17-11-2023,Regular,5,231.41
14294171,Saharanpur,23-12-2023,Regular,1,1680.47
92245432,Tadipatri,02-06-2024,Premium,12,316.16
2928026,Ahmedabad,20-03-2024,New,9,280.45
98687927,Pali,23-09-2023,Premium,6,825.55
15796277,Loni,02-08-2024,New,19,1365.33
92604392,Faridabad,16-11-2023,Premium,10,909
77303171,Guna,22-08-2023,Inactive,19,452.86
24144240,Tezpur,06-09-2023,Regular,15,1938.81
74548003,Erode,15-07-2024,Regular,9,1412.04
8122530,Tadepalligudem,30-05-2023,Inactive,9,1493.48
97664747,Gulbarga,21-03-2024,Premium,9,1160.21
79960955,New Delhi,23-05-2023,New,18,381.62
99643057,Ichalkaranji,01-11-2024,Inactive,4,1677.24
1313292,Korba,04-03-2024,Inactive,20,1275.41
94453274,Aurangabad,14-10-2024,Regular,15,917.84
1588560,Anantapuram,01-12-2023,New,10,945.18
30029998,Hazaribagh,01-09-2024,New,9,863.3
37095171,Guna,04-12-2023,Inactive,10,1680.98
79773912,Jaunpur,06-10-2023,Regular,7,751.73
30317733,Durgapur,28-06-2024,Inactive,12,569.16
48188624,Chittoor,19-02-2024,Regular,11,320.69
59197894,Akola,14-10-2023,Inactive,19,1788.36
34697768,Aurangabad,17-03-2023,Regular,13,1965.2
82372427,Dehradun,19-10-2023,New,14,1515.62
41008070,Vijayawada,01-05-2024,New,1,1017.46
87220860,Kochi,22-04-2024,Regular,6,1474.44
19705695,Patiala,26-07-2024,Premium,6,816.6
60974181,Bahraich,22-01-2024,Premium,20,1122.83
90621147,Jhansi,05-10-2024,Premium,2,710.2
68661619,Darbhanga,18-07-2024,Inactive,1,1343.07
64748953,Hapur,29-06-2023,Inactive,2,1507.44
6579892,Silchar,03-10-2023,Regular,3,869.19
85747175,Rajkot,27-11-2023,Premium,3,245
30455484,Katni,08-05-2023,New,2,1001.64
37802267,Orai,24-11-2023,New,4,594.87
17341194,Burhanpur,21-04-2023,Premium,18,1530.18
22047134,Warangal,26-10-2024,Inactive,20,991.94
54893418,Dibrugarh,14-02-2024,Premium,13,1858.33
48647253,Warangal,15-03-2024,Inactive,12,1736.69
1705969,Surat,23-05-2024,Premium,20,877
59398136,Machilipatnam,24-08-2023,Regular,14,1205.76
94165062,Eluru,16-08-2023,Inactive,9,793.38
47206881,Nellore,24-07-2024,Premium,3,929.72
37915052,Jalna,16-11-2023,Regular,10,1499.16
98211325,Bhilai,26-06-2024,Regular,15,1044.86
76218218,Etawah,04-05-2024,Inactive,10,1170.57
58152923,Kishanganj,04-07-2023,Premium,18,1776.12
42262168,Avadi,23-02-2024,Regular,18,489.19
40256341,Mira-Bhayandar,27-10-2024,Regular,12,913.91
33998721,Bhilai,11-02-2024,New,8,245.84
49260858,Phagwara,05-07-2023,Regular,4,1855.11
22524981,South Dumdum,28-10-2023,New,14,343.23
50015282,Berhampore,20-04-2023,Regular,9,1392.05
98088303,Agartala,22-08-2023,New,9,1765.46
19425804,Jodhpur,06-04-2023,Inactive,10,1121.27
14974554,Baranagar,10-10-2024,New,9,805.9
25128143,Mahbubnagar,02-11-2024,Premium,18,1149.94
21524495,Katni,05-01-2024,Premium,9,236.96
49136375,Bathinda,01-08-2024,Inactive,19,1524.23
97507853,Chapra,07-10-2024,Regular,15,1654.66
68857118,Nanded,23-06-2024,New,4,1596.98
81183415,Imphal,31-01-2024,Regular,19,1980.66
91196901,Jabalpur,15-04-2024,Premium,11,1086.3
8228843,Bangalore,06-07-2024,Inactive,1,1215.61
50518311,Arrah,31-08-2024,Regular,16,1238.72
21779155,Guntur,04-10-2023,New,19,1190.95
94281220,Pondicherry,05-05-2024,Regular,1,325.65
15631726,Tezpur,05-02-2024,Inactive,11,664.87
9573071,Thrissur,07-11-2023,New,5,958.06
31026200,Kavali,18-03-2024,New,13,285.02
49457685,Kamarhati,30-10-2023,Inactive,10,487.34
82169898,Buxar,21-03-2024,Premium,12,1208.52
72132838,Raurkela Industrial Township,28-10-2023,Premium,8,567.13
954629,Begusarai,26-02-2024,New,14,1390.08
44139071,Belgaum,16-01-2024,Regular,8,923.09
6344345,Burhanpur,03-10-2024,Premium,19,1110.11
31981068,Shivpuri,12-06-2023,Regular,20,546.25
30788486,Bhimavaram,01-03-2024,New,11,328.57
48368085,Vijayanagaram,31-10-2024,Premium,5,477.1
82374625,Singrauli,22-03-2023,New,20,1923.64
75674671,Tadipatri,01-04-2024,New,13,1085.52
34668988,Nagpur,10-08-2023,Inactive,3,534.37
53354003,Raiganj,23-09-2024,New,13,1934.52
78732957,Malegaon,12-08-2024,New,8,1148.93
10210309,Kharagpur,08-05-2024,Inactive,13,515.07
23984022,Nagaon,19-08-2023,Regular,3,1519.51
95371787,Gudivada,20-03-2023,New,9,1312.28
89968482,Kottayam,30-03-2023,Regular,12,1883.93
31527100,Ratlam,21-11-2023,Inactive,12,1830.13
8791577,Madhyamgram,29-08-2023,Regular,1,1031.07
63217390,Deoghar,18-07-2023,Inactive,15,637.06
62526813,Nashik,19-08-2024,Inactive,6,1777.35
16561710,Baranagar,16-09-2023,New,12,1043.28
91550885,Alappuzha,17-05-2023,New,14,1404.12
75025941,Jalna,26-03-2023,Premium,15,323.12
90649019,Fatehpur,07-04-2023,New,18,1096.12
88550139,Nadiad,11-08-2024,New,3,1910.25
66932104,Shahjahanpur,19-10-2023,Premium,3,976.71
45481936,Munger,04-08-2023,Premium,3,1909.44
5961261,Varanasi,28-06-2023,Premium,17,309.79
17696094,Kirari Suleman Nagar,18-09-2024,New,16,1626.23
91408854,Vijayawada,08-02-2024,New,19,555.13
32203588,Berhampur,06-04-2024,Premium,9,1678.38
63339001,Noida,09-09-2023,New,12,682.32
45553300,Latur,19-06-2024,Premium,9,1713.65
67960179,Bidar,28-06-2024,Premium,10,1797.89
40085705,Kishanganj,02-09-2023,New,6,777.89
60700850,Tezpur,22-07-2024,Regular,2,812.35
12059049,Nizamabad,23-09-2024,Regular,17,235.4
52409516,Jabalpur,23-04-2023,Inactive,13,435.47
66269844,Ghaziabad,23-08-2023,Premium,4,1371.03
8513589,Bathinda,08-02-2024,New,6,1590.11
6335221,Rajpur Sonarpur,05-01-2024,Premium,20,1518.83
69925688,Nandyal,25-02-2024,Inactive,20,1350.67
18326028,Ratlam,10-04-2024,Inactive,3,244.31
15661674,Vadodara,10-11-2023,Regular,12,453.24
92642745,Bihar Sharif,07-05-2024,Regular,18,415.99
72164737,Udaipur,16-08-2023,Premium,6,377.36
35912599,Bilaspur,08-05-2024,Regular,16,461.95
46717997,Unnao,20-12-2023,New,12,793.98
38478423,Nellore,29-03-2024,Premium,3,263.3
47990044,Kadapa,29-09-2024,New,12,1118.99
18465047,Ghaziabad,25-03-2024,New,8,746.88
36737539,Gwalior,06-02-2024,Inactive,9,1636.27
23286884,Serampore,16-03-2024,Premium,4,505.94
34297405,Saharanpur,13-12-2023,New,1,1688.73
85626346,Ghaziabad,14-08-2024,Regular,1,293.54
84468124,Gaya,20-04-2023,Premium,12,859.39
11470681,Munger,23-08-2023,New,2,570.88
77903462,Thane,20-09-2024,Inactive,19,206.87
68341636,Aurangabad,27-08-2024,Premium,19,1043.7
7522036,Hospet,24-01-2024,Premium,2,797.92
69364309,Haridwar,22-09-2024,Regular,6,636.83
51661209,Bidhannagar,23-06-2023,New,13,852.39
4849477,Hosur,22-07-2023,Premium,19,1782.35
74313592,Pimpri-Chinchwad,10-09-2024,Premium,3,1208.69
26245432,Tirupati,11-01-2024,Inactive,17,719.09
78412820,Siliguri,18-07-2024,New,8,1009.58
11254582,Machilipatnam,13-08-2023,Inactive,19,1036.03
3399251,Solapur,03-05-2023,New,20,937.11
70820304,Adoni,17-01-2024,Premium,13,420.89
17861428,Chandigarh,04-03-2024,Inactive,10,1606.18
39317905,Hazaribagh,10-05-2024,New,8,1546.54
36885115,Latur,22-04-2023,Regular,7,1248.24
36462363,Dhanbad,31-10-2024,Inactive,16,747.55
85490177,Howrah,24-07-2024,Regular,2,655.95
63402854,Kollam,31-08-2024,New,1,1110.52
99301505,Bhimavaram,11-08-2024,Inactive,5,294.44
92098757,Phagwara,19-11-2023,New,14,1419.7
79916464,Shahjahanpur,13-02-2024,New,17,539.79
10240052,Guntakal,25-03-2024,Regular,1,942.49
9738801,Nellore,02-03-2024,Inactive,19,376.73
2233446,Panihati,27-12-2023,New,6,1466.45
35434373,Aurangabad,30-07-2023,Premium,9,368.71
89476734,Surat,12-07-2023,Inactive,18,1505.74
51833636,Anand,03-03-2024,Regular,3,1977.36
75913572,Guna,26-03-2024,Inactive,9,1844.07
40277444,Panihati,10-05-2023,New,1,251.79
80833965,Sangli-Miraj & Kupwad,05-09-2023,Inactive,13,1896.2
46146390,Bahraich,19-04-2023,Premium,4,271.5
59436131,Imphal,02-09-2024,New,18,546.58
14479168,Rewa,06-02-2024,New,17,917.45
43784632,Gandhinagar,12-04-2023,Inactive,12,694.85
33331259,Saharsa,07-08-2024,Inactive,7,1559.22
85838438,Suryapet,25-04-2024,Inactive,15,1754.47
57674875,Burhanpur,07-05-2023,Regular,16,1666.12
37227953,Pune,11-09-2024,Inactive,4,500.75
83867512,Kadapa,22-06-2024,Inactive,18,1476
17100301,Deoghar,06-08-2024,Premium,16,1515.01
12967305,Durg,24-12-2023,New,16,607.46
72079189,Hosur,23-05-2023,Inactive,17,1383.05
83348353,Gurgaon,23-08-2024,Inactive,1,533.72
80954112,Jammu,06-06-2023,New,6,1672.37
61320989,Aurangabad,01-07-2023,Regular,6,1247.37
45166203,Proddatur,26-10-2023,Regular,19,724.81
25294147,Amritsar,16-06-2024,New,9,1458.87
33706378,Mehsana,02-09-2023,New,16,1110.01
82804543,Arrah,02-08-2024,New,8,1762.86
68016312,Orai,24-09-2024,Regular,5,1093.92
75860724,Aizawl,12-06-2023,Premium,4,462.17
10541231,Bhiwandi,17-07-2024,Premium,14,409.51
18035010,Burhanpur,30-01-2024,Premium,16,745.1
36400756,Bidar,04-04-2023,Inactive,19,721.41
4869199,Siwan,16-10-2024,New,7,1695.8
52659908,Kozhikode,02-05-2024,Regular,5,1590.28
2517955,Mathura,28-02-2024,Regular,7,1625.44
63858550,Ichalkaranji,05-05-2024,Premium,7,1197.2
71755645,Pallavaram,12-04-2024,Regular,10,963.44
92203470,Amaravati,10-11-2023,Regular,17,1678.84
77161976,Dindigul,05-07-2024,Regular,8,1498.83
28663279,Jamnagar,30-03-2023,Premium,6,1539.15
23098216,Mahbubnagar,01-11-2023,New,9,1193.05
75752515,Ballia,17-04-2024,Premium,14,763.15
54730270,Salem,22-03-2023,New,19,1256.55
12655794,Hosur,07-03-2024,Regular,15,446.56
44557943,Bangalore,23-01-2024,Inactive,19,874.8
72089140,Kamarhati,04-06-2024,Regular,18,1751.47
77768189,Machilipatnam,17-06-2023,Regular,3,434.62
60300263,Rewa,07-10-2023,New,8,374.67
22210238,Muzaffarnagar,10-06-2024,New,8,351.08
30979436,Ozhukarai,26-07-2024,Regular,17,422.51
23676689,Orai,03-10-2023,Premium,2,654.95
82025691,Begusarai,24-06-2023,Regular,17,811.77
68128937,Panipat,07-03-2024,New,4,1817.62
23081177,Panchkula,14-06-2024,New,14,969.68
90745023,Ratlam,28-10-2023,Inactive,12,889.72
83262890,Ulhasnagar,15-10-2023,New,1,1293.97
3588443,Rohtak,11-04-2024,Premium,20,1727.18
92509376,Jehanabad,03-09-2024,Regular,15,1367.8
77031496,Pimpri-Chinchwad,28-12-2023,New,7,404.11
51119088,Tinsukia,26-07-2023,Regular,9,1264.67
9107360,Dindigul,23-04-2024,Inactive,12,617.79
88866835,South Dumdum,01-11-2023,Premium,6,506.63
50527764,Amroha,28-12-2023,Premium,16,1830.26
19400174,Saharanpur,22-05-2024,New,2,907.16
80517784,Raiganj,05-07-2024,Regular,7,513.2
60446619,Guntakal,15-06-2024,Regular,20,1259.49
85074810,Bhagalpur,14-09-2024,Regular,11,766.81
73654821,Vijayawada,16-10-2023,New,18,1892.18
47387512,Chittoor,08-07-2023,Regular,18,805.43
35988028,Naihati,31-08-2024,Premium,6,898.52
92583164,Burhanpur,29-09-2023,Premium,20,1027.67
8155924,Patiala,30-03-2024,Regular,10,1749.17
72702075,Jalna,01-07-2024,Regular,5,1863.18
79155946,Thiruvananthapuram,05-09-2023,New,17,1799.48
31708103,Gudivada,25-09-2023,New,1,769.19
77345018,Udupi,26-07-2024,Regular,1,828.2
25722990,Pallavaram,13-03-2024,Regular,16,1409.6
60062501,Bhilwara,04-01-2024,New,2,1888.02
33472376,Bardhaman,16-01-2024,Premium,11,1704.14
34073080,Thrissur,04-05-2023,Regular,10,1285.18
86897973,Arrah,30-03-2024,Inactive,14,802.09
85198177,Jammu,01-04-2023,Premium,6,1666.01
8395343,Bathinda,10-03-2024,New,11,315.99
51557673,Mira-Bhayandar,01-08-2023,New,4,510.76
75892474,Guntur,27-08-2023,New,17,564.89
67092149,Davanagere,16-12-2023,Premium,1,376.48
35554129,Alappuzha,11-08-2024,Premium,15,1226.88
18889370,Sri Ganganagar,14-06-2023,Regular,18,598.79
16764246,Pali,28-09-2024,Premium,1,1938.34
43459807,Khammam,08-04-2023,Premium,6,1643.67
10857389,Hindupur,29-07-2024,Inactive,9,553.29
59329145,Gulbarga,30-08-2024,Regular,19,999.5
31456752,Thanjavur,21-06-2024,Premium,16,1337.43
96583772,Bhatpara,19-11-2023,New,8,690.19
18394558,Bareilly,30-12-2023,Regular,2,1186.59
2584499,Ludhiana,13-09-2024,Regular,2,1686.86
27709218,Dindigul,26-04-2024,Regular,18,1872.09
99160348,Siliguri,15-09-2024,Inactive,19,1550.84
55693909,Narasaraopet,27-06-2024,Premium,1,1965.46
31582950,Jhansi,20-12-2023,New,13,586.75
19482392,Muzaffarnagar,22-06-2023,Regular,10,1478.75
4862761,Eluru,31-08-2023,Premium,20,477.19
45804389,Maheshtala,02-07-2023,Inactive,11,788.1
74179536,Nizamabad,14-10-2024,Inactive,18,517.73
91024604,Sambalpur,27-08-2023,Inactive,2,1577.27
31923338,Yamunanagar,13-03-2024,New,8,1166.83
33574338,Thiruvananthapuram,12-08-2023,Inactive,8,830.3
82322028,South Dumdum,16-07-2023,New,6,1700.56
51812283,Katni,14-03-2024,Regular,6,1685.52
68419593,Patna,19-10-2023,Inactive,5,1769.51
54205055,Junagadh,18-05-2024,Regular,9,1637.67
84456355,Karawal Nagar,26-09-2023,New,2,1361.12
93458307,Anand,25-10-2023,Inactive,6,541.59
27304827,Coimbatore,01-06-2024,Premium,9,1736.28
67302239,Kozhikode,29-10-2023,Regular,7,1463.73
12305040,Noida,20-07-2023,Regular,14,1968.85
43377076,Junagadh,22-09-2023,New,6,720.69
52075070,Kadapa,31-08-2023,Regular,8,638.6
4378755,Pali,10-11-2023,Premium,2,1144.9
67215939,Erode,03-01-2024,New,12,1427.91
13963450,Malegaon,23-03-2024,New,14,1364.82
59009727,Adoni,16-03-2024,New,7,580.22
47274329,Ludhiana,12-02-2024,New,7,1898.39
97492493,Singrauli,26-04-2023,Inactive,8,1310.07
16256136,Aurangabad,09-09-2023,Regular,14,415.01
42209203,Bangalore,29-03-2024,New,19,1051.3
30767655,Karnal,05-06-2024,Regular,15,698.87
81605722,Salem,18-11-2023,Regular,15,856.01
16082651,Junagadh,04-11-2023,Regular,14,895.74
52337289,Morena,16-06-2023,New,3,1999.83
24644542,Tirupati,17-03-2024,New,4,1252.89
72564495,Gandhidham,13-03-2024,New,11,1015.81
95594611,Thiruvananthapuram,09-04-2023,Regular,1,797.28
23794330,Machilipatnam,28-05-2024,Regular,1,822.37
1771249,Bathinda,14-04-2023,New,4,790.78
57360162,Bally,30-10-2023,Regular,20,607.46
70230254,Suryapet,24-12-2023,New,14,1488.42
30285217,Parbhani,23-09-2023,Premium,11,334.01
14428954,Medininagar,22-10-2024,Premium,10,1387.23
9987182,Darbhanga,21-08-2024,Regular,8,635.99
92636025,Ambattur,24-09-2024,Inactive,14,1563.87
19771128,Vijayawada,26-11-2023,Regular,4,1807.2
13122744,Kalyan-Dombivli,02-02-2024,Regular,5,1616.47
90696847,Bathinda,19-09-2023,Regular,6,934.37
44050697,Ujjain,28-12-2023,New,16,1312.22
44723662,Dhanbad,07-10-2023,Regular,7,272.63
69908484,Udupi,08-08-2024,New,8,382.07
82708090,Panvel,01-01-2024,Premium,7,1295.96
83267752,Raipur,25-09-2023,New,13,802.85
19259955,Nagpur,03-04-2023,Inactive,15,213.69
11616535,Tadepalligudem,18-08-2024,Premium,6,1583.56
50557979,Khammam,31-03-2024,Premium,6,1557.45
53538932,Thoothukudi,11-05-2023,Premium,9,1763.76
63292875,Noida,30-09-2024,Premium,18,1756.08
98858383,Dehri,31-12-2023,Regular,3,700.22
86715467,Amaravati,18-03-2024,Inactive,9,495.2
13197985,Nanded,19-04-2023,Premium,19,516.21
85561151,Kanpur,13-08-2024,Regular,12,227.18
94706375,Amravati,05-04-2023,Regular,6,1653.1
53974737,Panipat,30-10-2023,New,15,672.4
83039559,Jalgaon,01-07-2023,Premium,5,247.73
98218863,Pimpri-Chinchwad,05-06-2023,Regular,10,716.11
54347213,Lucknow,07-04-2024,Premium,16,1388.04
30065862,Allahabad,02-09-2024,Regular,13,749.95
42615134,Muzaffarnagar,22-09-2024,Inactive,15,1828.12
94033330,Visakhapatnam,25-09-2024,Regular,10,1747.91
64795608,Udupi,22-10-2023,New,14,470.99
1662375,Tiruchirappalli,18-11-2023,New,7,1350.81
91130614,Jabalpur,22-06-2023,Inactive,7,528.12
85020453,Jaunpur,18-05-2023,Premium,14,1343.69
80875034,Mahbubnagar,15-07-2023,Inactive,4,1407.92
72605638,Korba,02-09-2024,Inactive,12,983.84
47939657,Bhavnagar,01-07-2024,Regular,9,1600.67
35156679,Etawah,07-01-2024,Premium,8,1412.4
47125914,Kochi,29-03-2023,Premium,16,1535.12
94713625,Barasat,15-08-2023,Premium,10,1791.16
43066953,Bikaner,15-10-2024,Regular,4,323.92
32987624,Jabalpur,05-04-2023,Premium,15,902.61
11143197,Bulandshahr,29-03-2023,Regular,13,778.44
77015367,Chittoor,17-07-2024,Regular,8,288.08
63571453,Kanpur,14-05-2023,Premium,1,1367.12
95334407,Cuttack,29-03-2023,Inactive,6,602.09
2400009,Amaravati,26-02-2024,Premium,7,1328.35
43519553,Mathura,07-02-2024,Premium,18,898.85
91566278,Burhanpur,24-09-2024,Premium,5,1953.37
93522848,Jodhpur,29-10-2023,Inactive,20,1875.27
48776805,Alwar,01-06-2023,Premium,1,351.38
6061349,Haldia,17-03-2024,Regular,17,332.03
49617531,Firozabad,19-03-2024,Inactive,12,1346.9
25915909,Bhimavaram,18-01-2024,New,18,1155.71
2058037,Rajkot,17-11-2023,Inactive,11,1797.02
43307488,Bhatpara,06-08-2023,Regular,1,1036.29
58513300,Jodhpur,25-09-2023,Premium,1,664.85
41146001,Belgaum,12-07-2023,Regular,5,934.23
89910157,Khandwa,19-03-2023,New,5,1859.93
33608451,Madurai,19-05-2023,Inactive,5,774.65
58214883,Darbhanga,05-05-2024,Regular,11,229.17
2875442,Bettiah,19-07-2023,Premium,19,1858.8
83660688,Kottayam,13-07-2024,Premium,1,1768.23
9650263,Gandhidham,24-04-2023,New,5,843.98
36517334,Naihati,30-03-2024,Premium,19,1603.14
1989720,Saharanpur,10-11-2023,Inactive,6,239.76
68486301,Kanpur,26-04-2023,Inactive,10,205.49
2134827,Ambarnath,22-10-2023,New,10,1710.75
67896836,Gulbarga,16-09-2024,New,15,469.03
98152679,Thiruvananthapuram,01-08-2024,Regular,1,583.12
6812439,Bhalswa Jahangir Pur,17-10-2024,Premium,1,938.29
90038364,Ozhukarai,18-03-2024,Regular,17,650.89
47215976,Jalna,25-09-2024,Premium,9,842.83
74840437,Korba,10-03-2024,Inactive,1,330.17
10418604,Gandhidham,11-04-2024,New,15,501.27
65514005,Dhanbad,21-07-2023,Regular,16,266.6
1479065,Bokaro,09-02-2024,New,17,1597.83
87641623,Bulandshahr,25-09-2023,Regular,11,1243.23
34381941,Malegaon,13-07-2023,Inactive,10,1753.38
81822494,Sri Ganganagar,14-07-2024,New,9,1284.68
97191387,Madurai,03-06-2023,Premium,3,853.44
25795941,Bhalswa Jahangir Pur,14-04-2024,Regular,10,765.4
97825663,Udaipur,19-06-2023,Regular,8,527.59
19966989,Secunderabad,06-03-2024,Premium,2,1737.1
57967753,Davanagere,11-01-2024,Premium,20,203.28
10694081,Meerut,02-10-2023,Regular,16,769.13
4356173,Rajkot,10-09-2024,New,9,1838.56
87266309,Agra,17-11-2023,Regular,19,1097.48
65134271,Ajmer,18-12-2023,Premium,19,1433.53
11928321,Maheshtala,30-06-2024,Inactive,17,1770.94
32527479,Jorhat,04-11-2023,Regular,19,896.82
47275378,Ahmednagar,16-03-2023,Premium,3,623.26
9246851,Ujjain,10-10-2024,New,10,1574.34
12402437,Rajahmundry,29-06-2024,New,14,1580.62
95382317,Patiala,20-05-2024,New,14,940.85
19523014,Ongole,24-02-2024,New,14,679.5
2188994,Patiala,26-10-2023,Inactive,6,484.51
31328762,Durg,08-03-2024,Premium,5,941.9
39354312,Kulti,22-09-2023,Premium,4,1599.19
17939362,Noida,11-02-2024,Inactive,17,496.59
12755730,Howrah,20-08-2023,Regular,8,748.43
64562786,Firozabad,13-03-2024,Inactive,19,1483.65
18771682,Shivpuri,11-07-2023,Premium,12,1420.99
18170800,Mathura,02-07-2024,Regular,12,1972.81
31914222,Bhilwara,29-09-2024,Inactive,4,380.49
29095552,Amritsar,19-04-2023,Inactive,17,1617.63
13415362,Dibrugarh,25-06-2023,Inactive,2,978.88
13284996,Phagwara,11-04-2024,Regular,9,449.79
3410758,Hazaribagh,16-07-2023,Regular,1,1892.51
14330483,Durgapur,04-08-2023,Premium,12,538.66
95768401,Kadapa,03-11-2024,Inactive,8,590.36
57662767,Kalyan-Dombivli,21-10-2023,Premium,10,403.61
51387106,Jamalpur,15-10-2023,New,15,615.8
89995124,Muzaffarpur,29-10-2023,Premium,6,995.42
73660582,Agra,20-10-2024,Premium,18,1045.53
70459847,Bhopal,29-08-2024,Premium,12,324.58
3999964,Orai,08-08-2023,Premium,15,1147.01
39674723,Bettiah,05-08-2024,New,3,765.19
23448955,Raebareli,12-10-2024,Premium,13,1201
76971644,Thoothukudi,20-09-2024,Inactive,20,1812.27
81382213,Burhanpur,18-05-2024,Inactive,9,845.85
21456226,Adoni,21-07-2023,New,18,980.16
46378942,Chandigarh,20-11-2023,Premium,1,1768.04
12088552,Patiala,17-04-2023,Premium,3,1137.83
18642306,Tinsukia,21-12-2023,Inactive,12,1802.63
11387110,Coimbatore,17-08-2023,Premium,8,1303.37
51341672,Bhagalpur,03-04-2024,Regular,10,1898.18
79630614,Sasaram,13-07-2024,Regular,3,362.45
76602787,Mehsana,07-04-2024,New,9,1683.71
50630016,Unnao,22-08-2023,Inactive,17,1445.33
85354059,Begusarai,20-08-2023,Premium,2,672.87
30188374,Haldia,28-03-2024,New,15,915.53
13760839,Guwahati,23-08-2023,Premium,17,444.89
12455156,Eluru,03-04-2023,Inactive,16,1139.56
13604883,Karimnagar,23-09-2024,Premium,17,1659.88
69240186,Kottayam,16-04-2024,Regular,8,884
57765367,Sultan Pur Majra,26-01-2024,Premium,1,1296.69
97928541,Tiruchirappalli,27-06-2023,New,4,1838.77
31718565,Durgapur,29-05-2024,Regular,6,245.16
76438648,Dewas,10-04-2023,New,6,854.68
36146306,Pallavaram,10-11-2023,Regular,19,828.14
87160527,Bulandshahr,09-10-2024,New,6,1966.02
1108176,Bhalswa Jahangir Pur,27-07-2023,Premium,20,1460.76
83610315,Shahjahanpur,31-07-2023,Inactive,16,376.5
24043135,Bijapur,01-10-2024,Inactive,15,1681.39
84448310,Mumbai,28-09-2024,Regular,16,282.58
59769142,Bellary,01-03-2024,New,4,718.4
90753712,Dharmavaram,24-06-2024,Regular,4,1408.03
38748727,Tiruchirappalli,04-08-2024,New,4,495.67
45033270,Thanjavur,28-04-2024,New,15,252.26
6459100,Agra,04-10-2024,Premium,19,1193.57
60904312,Mumbai,04-06-2024,Regular,20,564.73
98225598,Sambalpur,12-05-2023,Premium,9,1190.21
31813,Sultan Pur Majra,10-04-2024,Regular,18,1230.75
79135318,Saharanpur,14-06-2023,Inactive,17,454.3
99627097,Raiganj,19-03-2023,New,10,1085.49
90919603,Howrah,14-11-2023,Regular,10,555.97
46741896,Mango,21-10-2023,Premium,13,1518.23
58942207,Patna,05-07-2024,Regular,8,525.9
86839058,Ujjain,19-06-2024,Regular,5,1953.24
82179338,Ulhasnagar,17-03-2023,New,12,1775.89
1342184,Dehradun,25-10-2024,Inactive,20,1893.83
76604145,Rourkela,22-03-2023,Regular,14,1276.88
37702698,Bareilly,13-11-2023,New,12,1727.41
3786105,Kirari Suleman Nagar,02-06-2024,New,13,1172.32
64535602,Jalgaon,09-08-2023,Inactive,13,1816.18
29525287,Bhimavaram,16-11-2023,Premium,15,1976.98
1683786,Hajipur,12-09-2023,Regular,14,776.52
73586244,Erode,28-02-2024,New,1,377.07
26805477,Sambhal,28-05-2024,New,18,1148.4
73679086,Dibrugarh,12-07-2023,New,16,1297.47
59677346,Bongaigaon,02-11-2024,Inactive,2,502.96
81528623,Jamshedpur,08-06-2024,Premium,3,957.94
38420886,Sonipat,08-04-2023,New,20,1180.95
12302179,Tumkur,01-02-2024,Premium,15,246.73
88164280,Thane,09-09-2024,Regular,11,745.22
74735607,Raipur,30-12-2023,Inactive,6,935.8
42514124,Bally,10-05-2023,Inactive,7,1958.97
13071673,Jhansi,27-04-2024,Regular,17,1208.04
68196920,Rewa,29-10-2023,Regular,15,1810.28
26844216,Pali,07-06-2024,Premium,16,927.07
38780509,Ongole,11-05-2024,Regular,3,1238.37
3292927,Rewa,12-01-2024,New,6,1795.72
28991365,Jamnagar,20-03-2024,New,20,459.1
39999278,Baranagar,02-08-2024,New,8,664.22
86050297,Sikar,15-04-2023,Inactive,16,941.51
86045277,Mau,15-08-2024,New,8,1065.84
88167544,Mirzapur,15-04-2023,New,10,1097.35
75984768,Guwahati,05-08-2024,Regular,14,1723.2
15144290,Nizamabad,17-10-2024,New,19,436.35
52279849,Anantapur,10-07-2024,Regular,17,585.08
81160474,Aizawl,02-08-2023,Premium,19,447.55
84361534,Narasaraopet,24-07-2024,Regular,1,438.19
53025962,Dibrugarh,13-06-2024,Premium,10,324.92
83404008,Berhampore,17-09-2024,New,5,1391.13
81959925,Durgapur,11-10-2023,Inactive,1,1888.83
76850859,Berhampur,29-12-2023,Inactive,19,468.79
11705793,Dindigul,12-04-2024,New,18,1164.81
62068277,Hosur,03-03-2024,Regular,6,1515.17
9048817,Udaipur,08-05-2023,Inactive,1,222.89
31619915,Gandhinagar,09-06-2024,New,13,722.45
42872865,Bulandshahr,09-10-2023,Inactive,14,976.81
81906973,Loni,16-08-2023,New,20,218.78
82286908,Vasai-Virar,24-06-2024,New,16,713.26
1174162,Guna,02-07-2023,Premium,12,1255.44
62323608,Nandyal,09-08-2023,New,2,1446.34
72857290,Sasaram,20-09-2023,Inactive,13,1806.01
21784094,Bareilly,18-05-2024,Regular,17,1530.19
82529927,Chinsurah,03-04-2024,Inactive,3,587.28
14994388,Gwalior,29-04-2024,Premium,20,1782.84
54216497,Guwahati,07-07-2024,New,13,1881.19
80796977,Deoghar,28-06-2024,Premium,7,1170.84
31681710,Panchkula,06-01-2024,Regular,15,223.11
47955004,Kollam,21-08-2023,Inactive,6,1681.52
23126657,Bahraich,23-04-2023,Premium,1,1034.23
91973128,Karnal,01-07-2024,Premium,15,989.8
22915611,Karaikudi,06-08-2023,Regular,10,1239.42
76864442,Karnal,31-07-2023,Regular,13,1565.67
96628029,Tirupati,22-03-2024,Premium,3,994.81
59216664,Deoghar,22-03-2023,Regular,10,225.69
70615775,Ludhiana,07-01-2024,Inactive,15,233.12
34761418,Bhilwara,19-08-2024,New,6,1729.83
56248757,Chapra,05-08-2024,Premium,16,1040.97
31622158,Kolhapur,06-05-2023,New,20,504.15
4200802,Ramgarh,15-11-2023,Inactive,10,678.96
58631874,Avadi,01-10-2024,New,11,862.23
22036818,Hindupur,14-11-2023,New,5,1732.02
7333934,Deoghar,23-12-2023,New,11,739.47
5712468,Thanjavur,25-03-2024,Inactive,3,872.57
17929886,Salem,28-03-2023,New,7,744
408590,Jorhat,11-03-2024,Regular,17,436.74
42797397,Jaunpur,08-05-2023,Premium,8,640.54
58929595,Hubli–Dharwad,08-08-2024,Regular,2,588.65
41971906,Phagwara,13-02-2024,Premium,17,245.86
80269328,Ambattur,03-05-2023,Premium,15,976.36
76533277,Gangtok,11-10-2023,New,16,1857.65
50760752,Maheshtala,17-03-2023,New,14,1670.47
83588803,Tinsukia,11-07-2024,New,4,1509.41
30755306,Bhilwara,14-06-2024,Inactive,9,555.67
26592009,Adoni,02-11-2023,Premium,14,317.83
32830199,Aizawl,27-08-2024,Premium,2,680.11
99824171,Thoothukudi,15-04-2024,Inactive,1,1663.58
61618079,Ambala,14-07-2023,Inactive,9,1191.93
71694275,Aurangabad,02-06-2023,Regular,8,476.34
81200164,Anantapur,30-08-2024,Regular,10,337.07
66233704,Jorhat,18-05-2024,Inactive,7,1341.67
66866026,Ahmedabad,05-07-2023,Regular,13,802.79
86483673,Satara,18-08-2023,Regular,17,682.78
22483684,Kirari Suleman Nagar,05-03-2024,Regular,20,719.77
65368179,Bokaro,23-10-2023,Premium,4,1826.72
94430842,Jammu,19-03-2024,New,5,399.54
18940384,Sonipat,08-10-2023,New,7,1068.47
25585013,Vasai-Virar,05-05-2024,Inactive,18,840.15
9314637,Bhubaneswar,28-07-2024,Inactive,15,1208.09
92409489,Shivpuri,09-04-2024,Regular,4,1614.57
21425168,Aligarh,11-08-2023,New,5,1861.73
11228463,Kanpur,30-07-2023,Inactive,8,1275.97
57642258,Etawah,27-09-2024,Premium,10,1174.55
26250082,Arrah,24-10-2024,New,1,796.49
34580200,Bally,04-06-2024,Premium,2,1418.51
89531595,Jammu,13-08-2023,Regular,6,1385.2
72760434,Kozhikode,07-10-2024,Premium,10,1843.51
86499778,Bhilai,21-09-2023,Regular,18,654.76
41395224,Jalna,26-10-2024,Regular,13,358.51
21270783,Bhavnagar,01-05-2023,New,3,1508.8
68939350,Machilipatnam,28-04-2023,Premium,17,304.51
14839726,Mira-Bhayandar,24-01-2024,Regular,10,516.19
38808614,Vijayanagaram,15-06-2023,Premium,10,340.46
44828791,Khora ,02-06-2023,New,18,1696.98
1603358,Gandhinagar,09-06-2024,Inactive,5,1155.87
31826,Chinsurah,29-11-2023,New,18,752.78
191616,Pallavaram,27-04-2023,Regular,4,1053.7
45546750,Madhyamgram,28-10-2024,Premium,13,1808.6
33675108,Jalgaon,03-12-2023,Inactive,20,1281.15
98896871,Asansol,06-06-2023,Regular,5,1064.61
644189,Bhopal,15-12-2023,Premium,2,793.86
21461764,Singrauli,18-04-2023,Premium,15,1689.46
70170606,Purnia,11-07-2024,Premium,19,921.51
65782437,Haldia,12-04-2023,New,4,1215.48
37245065,Dibrugarh,21-07-2024,Inactive,16,1556.07
42012717,Jabalpur,18-08-2023,Regular,10,1030.12
60399360,Jamnagar,27-04-2024,Premium,3,1757.64
5140660,Akola,18-08-2023,Inactive,17,908.68
40858753,Bharatpur,06-05-2024,Regular,5,1149.5
69219122,Pimpri-Chinchwad,09-10-2024,Premium,17,1177.34
8967266,Imphal,01-09-2024,Regular,5,1164.14
27304727,Tiruvottiyur,26-03-2024,Regular,8,1675.04
62600289,Udaipur,20-02-2024,Inactive,10,1326.02
50286371,Bangalore,10-01-2024,New,3,280.77
43799224,Karaikudi,23-06-2024,Regular,9,1566.49
29431960,Etawah,09-02-2024,Premium,5,1602.35
7076456,Ichalkaranji,06-02-2024,Regular,10,469.41
43860025,Nagpur,20-11-2023,Regular,18,292.92
74833221,Nashik,28-04-2024,Regular,1,1764.07
13465850,Danapur,26-09-2023,Premium,6,1956.03
46541905,Udaipur,06-02-2024,New,16,922.29
21809858,Bihar Sharif,06-04-2023,Inactive,9,1343.53
75928073,Udupi,01-08-2023,Inactive,20,1684.84
67538982,Shivpuri,21-08-2023,Premium,6,1257.71
57505804,Orai,25-08-2024,New,9,225.87
88775948,Nagaon,27-06-2024,New,19,227.1
89704218,Khora ,07-10-2023,Premium,11,1029.69
9796585,Danapur,30-11-2023,Inactive,20,1565.31
1497747,Sangli-Miraj & Kupwad,11-04-2024,Inactive,7,1241.73
29038113,Kalyan-Dombivli,10-06-2024,New,18,875.32
61182897,Satara,28-03-2023,Regular,15,1261.08
15391556,Nellore,12-10-2023,Inactive,16,762.73
1529180,Bareilly,07-06-2024,Inactive,5,596.54
32797235,Guntakal,29-11-2023,Regular,1,1709.96
78158536,Imphal,07-04-2024,Premium,16,705.47
88779806,Srinagar,29-07-2023,Regular,11,679
93018527,Narasaraopet,16-05-2024,New,1,913.11
52393801,Ranchi,20-03-2023,New,2,1910.55
70529459,Pondicherry,04-05-2023,Regular,5,203.05
48481702,Shivpuri,15-06-2024,Regular,4,1209.16
15417130,Indore,03-03-2024,New,5,1289.29
14705462,Bahraich,24-09-2023,Premium,2,765.18
14944819,Anand,24-11-2023,Premium,14,1127.8
89028323,Lucknow,03-09-2023,Regular,13,1329.47
11775073,Morbi,02-06-2023,Regular,16,212.35
54799731,Jaipur,10-05-2023,Premium,14,1150.73
93617659,Nangloi Jat,21-09-2024,Regular,11,1800.81
45708879,Ulhasnagar,11-03-2024,Regular,20,988.63
62807542,Patiala,17-03-2023,Premium,11,524.5
7551173,Ghaziabad,27-10-2023,New,11,1197.58
65815155,Bangalore,10-09-2024,New,10,1963.99
86704661,Kamarhati,16-03-2024,Premium,12,1726.51
57896058,Begusarai,23-06-2024,Regular,8,982.05
85519349,Anand,07-12-2023,New,8,336.36
66308810,Sangli-Miraj & Kupwad,27-05-2024,Premium,18,1746.8
13130974,Eluru,31-07-2024,Inactive,6,898.76
8632679,North Dumdum,20-07-2023,Regular,16,1201.21
91072336,Jaunpur,07-06-2023,Premium,3,205.59
24633671,Karnal,21-09-2024,New,12,1112.03
78254569,Kalyan-Dombivli,30-11-2023,Regular,8,1559.18
60698094,Malegaon,16-05-2024,New,2,1894.4
84257716,Hazaribagh,22-03-2023,New,6,1144.61
84929351,Gandhinagar,07-12-2023,Regular,14,1662.37
48160359,Karaikudi,28-03-2024,Premium,8,1485.09
51031122,Dehradun,12-09-2023,Regular,20,363.61
3844290,Berhampore,29-10-2023,Inactive,2,301.73
71643758,Kottayam,16-09-2024,Inactive,7,780.2
49258916,Jaipur,02-04-2024,Inactive,16,997.43
60379302,Patiala,14-07-2023,New,7,536.98
88873916,Tirupati,21-09-2023,New,16,1390.49
65559853,Kamarhati,03-05-2024,Regular,17,1734.36
88046313,Thane,29-05-2023,Premium,6,726.67
76987910,Shahjahanpur,08-03-2024,Inactive,5,728.54
20517871,Imphal,06-07-2023,Premium,4,418.15
26227445,Ghaziabad,07-09-2024,Regular,1,1030.06
42272393,Moradabad,21-09-2023,New,7,1090.31
12574626,Amritsar,02-05-2024,Inactive,18,852.27
63349378,Mango,01-08-2024,Regular,14,1487.94
88045094,Panvel,16-12-2023,Premium,4,690.13
61226835,Kishanganj,24-07-2023,Premium,18,1491.21
82585664,Ludhiana,30-10-2023,Regular,14,1511.43
69762479,Jamalpur,25-03-2024,New,19,1766.61
93675757,Noida,28-11-2023,Regular,10,665.46
5009458,Thiruvananthapuram,17-08-2023,Inactive,7,1712.14
59545278,Yamunanagar,28-10-2024,New,16,430.08
59619739,Delhi,12-11-2023,New,12,871.39
9097480,Bihar Sharif,21-12-2023,Premium,18,307.65
56195475,Ahmedabad,25-06-2024,Regular,18,1149.91
45052594,Aligarh,03-06-2024,New,19,859.59
24517523,Tirunelveli,12-11-2023,Premium,14,361.29
97111069,North Dumdum,16-02-2024,Inactive,10,1898.27
88299992,Firozabad,17-05-2024,Premium,6,1524.68
60757351,Salem,15-05-2024,Premium,3,1099.62
14161586,Bettiah,14-06-2023,Premium,11,353.97
35133191,Loni,22-10-2024,Regular,14,406.21
56480776,Udaipur,17-03-2024,Regular,8,1401.79
31000129,Raichur,29-03-2024,Premium,18,1120.64
18113428,Rajkot,15-09-2023,Regular,7,255.73
56250563,Jabalpur,02-09-2023,Premium,20,733.3
96253172,Berhampur,08-08-2023,Inactive,1,475.19
83023956,Nanded,01-09-2023,Regular,12,1551.29
19080489,Jalandhar,30-03-2023,Regular,9,578.21
899941,Sambhal,25-06-2024,Premium,18,1202.35
51014003,Giridih,16-12-2023,Regular,14,393.06
55971849,Rewa,05-04-2024,Regular,3,490.69
45314389,Ajmer,26-03-2023,New,17,939.35
65426878,Nagpur,04-04-2023,Regular,11,1879.31
8651281,Ranchi,20-10-2024,Premium,14,1516.13
69353754,Medininagar,24-01-2024,Premium,8,1154.09
84119685,Sambhal,09-06-2023,Inactive,4,1623.47
60656482,Haldia,31-10-2023,Inactive,12,627.69
54952806,Coimbatore,04-05-2023,Regular,1,1142.91
58644651,Secunderabad,10-05-2024,New,13,646.92
35690581,Gorakhpur,12-04-2023,Inactive,15,1603.16
80850753,Thane,15-12-2023,Premium,6,1695.68
29653387,Malda,26-04-2024,New,12,519.73
47295676,Bhopal,02-06-2024,New,2,1758.3
30900441,Khora ,25-07-2024,New,18,1509.24
43980719,Kalyan-Dombivli,04-03-2024,New,13,785.19
96001315,Bihar Sharif,15-02-2024,Inactive,19,1628.45
5716817,Aurangabad,11-03-2024,Inactive,3,1607.05
33658749,Ahmednagar,11-03-2024,Inactive,6,547.78
63661771,Karnal,29-12-2023,Inactive,13,1536.01
71767248,Jalandhar,01-11-2024,New,4,719.47
72675976,Bhusawal,15-07-2024,Premium,14,710.18
81994445,Kalyan-Dombivli,01-08-2024,Premium,2,1391.12
54145987,Agartala,03-10-2023,Premium,6,899.69
16485871,Salem,25-06-2024,Premium,6,1805.76
43243913,Jehanabad,11-05-2024,Regular,4,1897.16
19741509,Vellore,11-03-2024,Regular,3,949.01
98540377,Unnao,15-09-2023,Regular,16,525.07
88843865,Srinagar,01-10-2023,Regular,19,1230.62
50045027,Sagar,06-07-2023,Regular,7,1570.95
59840071,Deoghar,06-06-2023,Inactive,19,1796.24
51547198,Agartala,04-08-2024,Premium,19,750.81
53624677,Udaipur,21-12-2023,New,10,332.4
93122847,Ludhiana,15-09-2024,Regular,12,1886.44
62971413,Amritsar,02-10-2023,Inactive,18,835.09
73933840,Raiganj,12-03-2024,Regular,10,1339.52
80759416,Junagadh,11-02-2024,Premium,5,1637.85
96042320,Nagaon,02-12-2023,New,20,1164.38
76970363,Firozabad,28-12-2023,Regular,14,1237.8
84993732,Aligarh,17-09-2024,Regular,1,1585.03
30823988,Deoghar,25-03-2024,Premium,9,1525.85
86226771,Shivpuri,17-08-2024,Premium,4,1062.39
10048910,Kozhikode,25-09-2023,New,15,875.32
18935489,Tezpur,15-06-2024,New,8,1957.21
61763552,Panihati,22-05-2023,Inactive,5,241.81
88346104,Udaipur,19-03-2024,Regular,17,1205.49
33651554,Saharsa,06-09-2024,New,18,697.13
39140039,Madhyamgram,19-11-2023,New,18,1504.96
50080663,Morbi,06-10-2024,Inactive,10,543.84
40643232,Salem,12-04-2023,Regular,4,1374.71
82134278,Coimbatore,07-10-2023,Premium,4,294.2
35705377,Tumkur,26-04-2023,Regular,8,1250.37
11503405,Amritsar,14-01-2024,Regular,11,1658.1
4988545,Anantapuram,06-04-2023,Regular,10,1251.78
4545935,Warangal,06-08-2024,Regular,7,1931.1
46148283,Kalyan-Dombivli,07-10-2023,New,11,506.68
29324437,Nanded,19-08-2024,Premium,11,1915.27
48730063,Farrukhabad,03-04-2024,New,19,1497.71
70608515,Belgaum,13-07-2024,Inactive,4,1601.81
32003512,Sasaram,18-10-2024,Premium,4,1863.05
96989204,Deoghar,24-06-2024,Regular,5,1844.33
4789829,Rourkela,02-11-2024,Regular,6,229.76
15733078,Phagwara,10-08-2023,Regular,1,1152.95
48158494,Kishanganj,30-04-2024,Inactive,13,1787.2
12272282,Sikar,09-04-2023,Regular,20,1750.74
13265605,Kollam,04-11-2024,Premium,3,1086.89
80696046,Agartala,08-11-2023,Inactive,11,623.23
87266831,Mirzapur,29-09-2024,New,17,276.09
90346920,Satara,14-09-2024,New,1,738.13
93938425,Nagercoil,19-04-2024,Regular,10,1735.57
89699655,Darbhanga,04-02-2024,Inactive,4,1134.64
87654461,Sambhal,01-09-2023,Inactive,2,1720.18
79944855,Indore,31-10-2024,Regular,6,1440.06
49617892,Orai,21-02-2024,New,19,1894.61
74230420,Mathura,26-03-2024,Regular,17,1315.38
66629497,Vellore,26-04-2023,Regular,7,1994.7
43256928,Baranagar,14-08-2023,Inactive,19,1984.5
59345983,Saharanpur,25-06-2023,Regular,8,1375.29
88252625,Shivpuri,27-02-2024,New,15,422.31
14275043,Bhilwara,25-01-2024,New,19,1415.88
64489709,North Dumdum,22-04-2024,Premium,2,1435.66
59815512,Jalna,11-11-2023,Regular,16,1022.99
73377004,Delhi,11-09-2023,Regular,4,438.31
74761384,Nadiad,27-10-2024,Premium,12,1550.37
79257353,Jaunpur,24-09-2023,New,6,291.96
17159117,Karawal Nagar,21-05-2024,Premium,1,336.26
95912198,Anantapuram,05-04-2024,Inactive,12,1065.72
88215615,Bongaigaon,16-05-2023,New,14,1520.12
49756591,Miryalaguda,17-04-2024,Inactive,20,745.4
50650215,Pimpri-Chinchwad,16-11-2023,New,12,1474.41
32500305,Orai,09-06-2024,New,5,362.53
42723554,Gandhinagar,21-05-2023,Regular,10,731.97
1491857,Morena,05-06-2024,Premium,9,855.24
81229704,Noida,22-03-2024,Premium,10,429.04
70966268,Arrah,03-10-2023,New,15,541.94
97182359,Morbi,22-01-2024,New,15,550.41
46675763,Katihar,15-08-2023,New,19,737.08
51034600,Bhilai,25-04-2023,Inactive,2,1574.01
76512976,Belgaum,27-07-2024,New,5,279.89
119099,Kavali,01-08-2023,Inactive,20,637.35
84850688,Barasat,20-09-2024,Inactive,3,1862.3
95971469,Chapra,09-09-2024,New,7,1060.59
28413467,Kolhapur,24-07-2024,New,16,1451.81
45071436,Tadepalligudem,11-10-2024,Inactive,9,807.66
99734256,Ratlam,04-06-2024,Premium,1,301.12
14472401,Thiruvananthapuram,30-04-2024,Regular,1,208.09
4606533,Rajpur Sonarpur,30-07-2024,Premium,11,704.14
32426778,Naihati,27-05-2024,Inactive,14,304.06
63802820,Orai,23-11-2023,Regular,6,1887.52
24988999,Raiganj,12-05-2024,Regular,6,1748.52
77497950,Kolkata,14-05-2023,New,7,1852.77
16424635,Mirzapur,01-10-2024,Premium,13,1135.26
93127511,Bijapur,27-08-2023,Inactive,7,453.17
88434834,Ambarnath,25-10-2023,Premium,19,1484.9
88067569,Gaya,25-12-2023,Premium,5,273.38
86294036,Arrah,13-07-2023,Inactive,13,1311.81
57331847,Amravati,19-09-2023,Regular,5,752.87
45586151,Saharsa,25-11-2023,Regular,11,266.65
11389698,Jammu,08-06-2023,Premium,14,1907.68
95018817,North Dumdum,04-06-2024,Inactive,19,466.48
29415527,Pudukkottai,22-04-2024,Regular,11,498.21
64932019,Hindupur,09-10-2023,Premium,6,1022.98
48418662,Machilipatnam,21-06-2024,Premium,12,1479.93
66485571,Ratlam,15-09-2023,Inactive,2,1055.17
85658166,Thrissur,04-05-2024,New,11,1326.65
20625627,Amritsar,10-08-2024,Premium,11,718.1
72942753,Gurgaon,09-09-2024,Regular,5,664.01
1624115,Kochi,26-10-2023,New,2,331.1
82918668,Gudivada,08-08-2024,Regular,18,1941.44
85006599,Shimoga,17-01-2024,Inactive,13,1630.44
73727901,Solapur,27-05-2024,Premium,15,1299.49
53636086,Bally,07-11-2023,Premium,20,1238.26
79076101,Ujjain,15-01-2024,Premium,2,870.19
65660660,Gangtok,04-08-2023,Regular,12,749.66
64162093,Korba,22-04-2024,Premium,6,413.3
91243571,Navi Mumbai,15-12-2023,Inactive,12,1569.19
22133362,Anantapuram,31-08-2024,Inactive,18,482.2
49915498,Jalandhar,19-05-2023,Premium,2,950.88
38018949,Farrukhabad,04-09-2024,Premium,17,1873.34
93321933,Ozhukarai,17-03-2024,Inactive,10,566.42
10508763,Ratlam,14-12-2023,Premium,6,992.26
37362180,Visakhapatnam,17-08-2023,Regular,11,1638.66
8881320,Uluberia,24-10-2024,Regular,7,1268.54
25447967,Rajkot,04-09-2023,Regular,18,876.56
64197854,Bellary,28-10-2023,Regular,17,1231.67
34074184,Bangalore,30-03-2024,New,18,1988.77
95873651,Ballia,02-06-2024,Inactive,14,536.02
90150193,Buxar,14-07-2023,Inactive,18,783.69
39717448,Jorhat,10-06-2023,New,1,210.18
63948546,Bhubaneswar,18-01-2024,Regular,20,1745.12
9900288,Gulbarga,09-01-2024,Regular,10,1315.84
38496400,Bathinda,25-03-2024,Premium,11,1402.36
27692428,Chennai,29-05-2024,Regular,11,1889.95
65903057,Uluberia,13-04-2023,Regular,14,1181.71
43990799,Dindigul,04-02-2024,Regular,6,495.41
42208242,Danapur,19-11-2023,Regular,19,1222.25
44776601,Durg,13-05-2024,Regular,15,1278.59
6724509,Munger,07-04-2023,New,13,1966.44
59222551,Jamshedpur,05-08-2023,Inactive,10,1569.86
44888581,Ballia,28-03-2023,Inactive,3,392.37
96729650,Ahmednagar,04-05-2024,Inactive,2,847.93
39957741,Bellary,05-11-2023,Inactive,11,1769.15
24104630,Jaipur,14-01-2024,Premium,13,448.52
96434674,Anantapur,30-11-2023,Inactive,11,1663.53
14255231,Surendranagar Dudhrej,18-06-2023,Inactive,17,1055.6
83412446,Avadi,25-05-2023,Inactive,13,1935.31
11493380,Madurai,20-04-2023,Regular,16,422.74
48821170,Jalgaon,09-10-2023,Inactive,12,1321.76
19145354,Rohtak,31-05-2023,Inactive,11,963.35
76830090,Panipat,04-04-2024,New,4,821.83
81808190,Bhusawal,06-07-2023,Inactive,1,796.97
40986000,Karnal,17-10-2023,Premium,20,223.79
60495351,Srikakulam,24-04-2023,New,11,407.03
39261715,Patna,27-12-2023,Premium,19,1974.33
63793401,Kavali,24-03-2024,Regular,2,1901.32
27746432,Bangalore,29-07-2023,Inactive,10,1261.35
51670882,Dehradun,27-09-2024,Inactive,11,1351.67
61020,Kurnool,27-07-2024,New,19,1703.16
46802633,Bettiah,18-02-2024,Premium,6,617.22
63083547,Jhansi,07-12-2023,Regular,10,900.07
17106161,Shimoga,01-05-2024,Inactive,9,331.15
54797119,Bilaspur,19-12-2023,Premium,14,1673.74
62721353,Danapur,12-10-2024,Regular,13,992.9
40587811,Adoni,15-12-2023,Inactive,5,724.63
25520143,Berhampur,23-01-2024,New,10,1133.1
81377917,Maheshtala,23-04-2023,Inactive,16,739.14
49433260,Hospet,20-05-2024,Premium,17,307.03
40117357,Imphal,20-03-2023,New,16,753.81
81102955,Bhiwani,12-07-2024,Premium,16,1403.68
40192266,Bhopal,04-03-2024,New,19,1893.6
51669263,Avadi,23-09-2023,Inactive,2,1698.87
85831746,Bahraich,11-09-2023,Regular,18,952.61
97466783,Kota,07-04-2023,Premium,8,952.96
23982977,Salem,04-07-2023,New,2,1863.55
79695653,Sonipat,07-08-2023,Regular,11,728.65
83577942,Shivpuri,11-08-2024,New,16,866.2
44149982,Yamunanagar,16-08-2023,New,7,1224.69
46686696,Thoothukudi,02-03-2024,Premium,7,968.93
12184293,Phagwara,16-06-2023,Inactive,7,1811.32
19084027,Unnao,30-07-2023,New,20,908.28
77559557,Madurai,28-08-2023,New,9,601.15
34713143,Jehanabad,03-08-2024,Premium,16,1380.2
75073623,Kumbakonam,19-05-2024,New,19,1042.05
12415659,Ambala,30-05-2024,New,10,1786.5
5277675,Ghaziabad,22-10-2024,Premium,9,1312.8
81420960,Hazaribagh,21-05-2023,Inactive,2,269.4
97144544,Guna,13-08-2024,Regular,12,1754.04
6856445,Darbhanga,23-01-2024,New,5,1932.51
70363568,Shahjahanpur,03-08-2023,New,13,1632.23
10019218,Parbhani,28-08-2023,New,7,560.14
12799092,Unnao,19-05-2024,Inactive,5,557.19
12507907,Nangloi Jat,22-11-2023,Regular,19,1278.01
29584848,Dehri,03-10-2024,Premium,11,1212.04
27955158,Shivpuri,16-03-2024,New,13,1659.73
13651980,Ranchi,28-05-2023,Inactive,12,308.29
90246977,Tiruchirappalli,05-05-2023,Premium,1,1375.17
91614690,Nandyal,09-06-2023,Premium,18,289.7
92027021,Ballia,17-10-2024,Inactive,5,1279.72
11493300,Durg,26-07-2024,Regular,18,1025.67
77862447,Bally,14-07-2023,New,3,721.04
47503133,Chapra,26-10-2024,Inactive,12,1614.04
65745775,Buxar,08-12-2023,Inactive,4,1021.23
89867195,Tumkur,11-10-2023,Premium,10,409.49
6247821,Panvel,15-07-2023,Regular,15,1832.58
73393269,Ajmer,11-06-2024,Regular,8,1615.2
48716374,Hapur,01-05-2023,Premium,20,1475.82
78614729,Tiruvottiyur,05-09-2024,New,10,1786.91
20238921,Thiruvananthapuram,29-09-2023,Premium,8,1298.79
84066402,Amritsar,11-10-2023,Regular,7,794.76
60271325,Malegaon,08-05-2024,New,8,356.62
40692378,Jabalpur,13-09-2024,New,9,1782.4
469006,Begusarai,21-08-2023,Inactive,2,1393.2
41811800,Jaunpur,10-10-2023,Regular,6,1410.59
87107263,Vijayawada,02-10-2024,Inactive,9,1659.56
89619421,Rajpur Sonarpur,02-11-2023,Premium,5,1466.13
62828341,Howrah,27-06-2024,Inactive,20,283.63
55738118,Hapur,29-12-2023,Regular,11,1520.09
2684440,Ranchi,05-09-2023,Premium,5,650.6
77811864,Miryalaguda,10-09-2023,Premium,12,1712.29
43052303,Eluru,21-06-2023,Premium,19,1790.43
24478397,Bidar,28-03-2024,New,14,829.36
22846435,Tezpur,15-07-2023,Inactive,12,1844.21
32868927,Karimnagar,13-04-2023,New,19,926.68
88312515,Gandhinagar,05-02-2024,Inactive,10,544.71
33741801,Ratlam,27-01-2024,New,16,1249.15
29502852,Dibrugarh,28-08-2024,New,18,1995.37
75464725,Sambhal,02-12-2023,Inactive,20,1805.77
88745052,Kumbakonam,12-04-2024,Regular,5,516.9
50632192,Nadiad,17-03-2023,Premium,16,1096.83
81655250,Madurai,04-07-2023,Regular,17,1399.67
29858395,Hospet,03-09-2024,Inactive,16,442.16
56572297,Ulhasnagar,02-10-2024,Inactive,10,1601.86
18140588,Jalna,04-07-2024,Regular,17,856.95
74352908,Guntakal,31-03-2024,Inactive,13,1879.61
37633848,Kharagpur,27-08-2023,Premium,20,1237.57
19180962,Kalyan-Dombivli,05-07-2024,Inactive,19,622.08
75739462,Satna,23-06-2024,Premium,2,1474.27
47926198,Nandyal,04-02-2024,Regular,11,1408.42
57809174,Lucknow,12-04-2024,Premium,11,1898.72
21786873,Lucknow,07-03-2024,Regular,3,1600.68
32564478,Kishanganj,24-06-2024,Premium,5,211.3
41168392,Silchar,10-01-2024,Premium,13,506.28
40305293,Bhatpara,01-09-2024,Regular,10,614.48
91562028,Noida,09-10-2024,Regular,9,1141.68
5754255,Mango,12-11-2023,Inactive,1,1050.74
73891999,Sambalpur,22-07-2024,New,11,1681.91
91500615,Parbhani,27-07-2024,Premium,4,840.89
79742293,Hajipur,11-02-2024,Regular,17,1608.81
71902700,Bhind,05-02-2024,Regular,10,824.31
78267238,Warangal,07-07-2024,Inactive,1,301.21
16780752,Begusarai,07-12-2023,Premium,20,1429.12
91312072,Jalna,20-04-2024,Inactive,4,1518.25
28458746,Bulandshahr,14-09-2023,New,12,1998.49
57770044,Ajmer,19-11-2023,Regular,10,934.08
2234490,Singrauli,07-08-2024,Premium,8,1540.25
76202036,Gwalior,11-03-2024,Inactive,13,1118.75
45112520,Rajahmundry,30-06-2024,Premium,1,499.85
30116949,Nadiad,23-08-2023,Inactive,5,1535.47
16640907,Bhagalpur,05-10-2024,Regular,16,527.03
44174426,Salem,02-07-2024,New,20,1655.49
13939675,Amroha,05-04-2024,New,18,783.47
33394166,Surendranagar Dudhrej,03-10-2024,New,10,282.63
45323391,North Dumdum,24-03-2024,New,2,1008.14
71411879,Etawah,23-10-2024,Regular,4,1743.87
13585482,Buxar,06-07-2023,Inactive,20,1475.52
40434527,Vellore,27-06-2024,Inactive,5,815.01
59830126,Howrah,28-10-2024,New,14,1799.47
12622901,Bareilly,07-08-2024,Inactive,3,870.68
3897936,Pudukkottai,26-09-2023,Premium,14,215.16
48281892,Vellore,11-04-2023,New,6,1653.39
33370343,Ratlam,07-07-2024,Premium,20,999.04
40877127,Ludhiana,31-07-2023,Premium,14,757.15
75081265,Nizamabad,04-05-2023,Premium,2,958.17
92118758,Gorakhpur,03-01-2024,Regular,2,300.79
66766629,Gulbarga,22-02-2024,New,16,504.76
89686431,Dharmavaram,14-08-2024,Regular,11,1637.7
88517890,Nizamabad,14-08-2024,Premium,10,1964.72
69761993,Gangtok,06-08-2024,New,6,551
11562458,Firozabad,16-11-2023,Regular,7,1409.32
57892837,Bally,22-03-2024,Premium,14,581.57
85474732,Allahabad,01-01-2024,Premium,1,941.76
62541176,Tirupati,26-08-2024,New,7,1691.37
31940833,Karawal Nagar,31-07-2023,New,4,1515.8
76212152,Agra,11-10-2024,Premium,13,1767.81
42366724,Saharanpur,27-07-2023,Inactive,20,1896.27
54619715,Panchkula,27-10-2024,Inactive,4,739.04
24896263,Amroha,21-06-2024,Regular,13,532.9
5700842,Amravati,11-09-2024,Regular,3,514.06
73799927,Ambala,28-04-2023,New,4,1121.27
12867472,Mehsana,14-10-2024,Premium,3,1053.52
97315135,Shivpuri,03-01-2024,New,19,1393.14
48150243,Delhi,27-11-2023,Regular,13,262.6
19556566,Tiruvottiyur,01-11-2023,Premium,20,664.17
59240916,Faridabad,19-08-2023,Inactive,6,1202.51
61002154,Imphal,16-06-2023,Regular,19,1526.04
81584486,Hazaribagh,24-01-2024,Inactive,2,369.75
41494867,Bongaigaon,04-12-2023,New,15,240.17
75908967,Yamunanagar,03-06-2023,Regular,14,1095.58
38902882,Firozabad,10-03-2024,Inactive,17,1583.52
52048413,Jalna,04-10-2023,Inactive,20,1449.1
99412119,Agartala,24-05-2024,New,17,653.57
47625855,Mango,21-05-2023,New,6,515.69
19393135,Bidhannagar,11-06-2023,Regular,19,327.58
87669943,Nandyal,02-04-2023,Inactive,1,1272.95
90586443,Ambala,30-08-2023,New,2,1637.32
15066187,Jammu,19-03-2023,Regular,13,791.67
78806824,Guntakal,08-01-2024,Premium,20,1027.41
59110513,Raebareli,16-06-2023,Inactive,12,1377.27
64823226,Tirupati,08-04-2023,Premium,5,614.1
49529811,Pimpri-Chinchwad,16-05-2024,Regular,13,1595.6
18199057,Ratlam,30-05-2023,Inactive,9,1353.93
17805991,Dhule,09-05-2024,New,10,924.9
56441247,Meerut,02-06-2024,Premium,18,1667.94
91228580,Mangalore,29-05-2024,Regular,3,330.22
35435896,Dehradun,08-09-2023,Premium,9,338.62
6867315,Imphal,31-08-2024,Premium,1,1766.24
54837637,Ichalkaranji,01-09-2023,Regular,9,1525.43
76257013,Mango,02-08-2023,New,16,1812.15
11478478,Ahmednagar,31-10-2023,Inactive,17,762.82
91347159,Pallavaram,23-06-2024,Premium,6,887.04
6982488,Jalna,11-01-2024,New,4,1819.01
38327793,Nandyal,04-05-2024,Inactive,12,1924.53
64722323,Dibrugarh,14-05-2023,New,7,1785.47
19523856,Thoothukudi,02-11-2023,Premium,6,1084.14
8628482,Bhiwandi,30-12-2023,New,9,1726.44
58979427,Jalna,22-01-2024,Premium,3,1743.81
26716400,Morena,12-07-2023,Premium,19,1179.28
89998489,Rajkot,26-10-2024,Premium,19,1297.04
15808945,Gangtok,10-04-2024,New,6,1255.9
60728956,Khandwa,26-06-2023,Premium,15,1764.25
25430839,Vellore,15-09-2023,New,15,885.48
80935110,Tumkur,14-07-2023,Regular,16,1855.7
70965437,Alwar,22-03-2024,Inactive,17,1220.76
53557741,Hospet,30-10-2024,Inactive,10,1753.39
12832151,Baranagar,12-07-2023,Inactive,16,356.96
188838,Madanapalle,16-07-2024,Inactive,12,799.11
56780331,Gaya,18-04-2024,Premium,8,903.37
43574734,Rourkela,11-05-2024,New,5,551.29
53392567,Aligarh,16-04-2024,Regular,18,398.91
20310720,Bhubaneswar,03-04-2023,Regular,9,1677.91
59427862,Erode,10-10-2024,Premium,1,1713.94
99695529,North Dumdum,11-04-2023,New,12,1751.77
1134585,Ghaziabad,06-02-2024,Regular,8,1975.21
65488134,Agra,28-04-2023,New,12,853.49
96461062,Hosur,29-05-2023,Regular,14,1612.31
57637943,Amroha,13-03-2024,Premium,13,1865.94
49371494,Kanpur,14-12-2023,Regular,18,701.13
75038062,Avadi,18-05-2024,New,19,1882.45
17299810,Kadapa,04-03-2024,New,13,1874.42
82032191,Satara,20-02-2024,New,17,387.14
52417972,Madhyamgram,06-03-2024,New,1,581.78
9049965,Raichur,03-04-2024,New,3,1390.06
70420271,Bhusawal,09-12-2023,New,19,680.28
19536688,Tiruppur,19-09-2023,New,4,1346.03
72359843,Kalyan-Dombivli,24-09-2024,Premium,18,888.43
9981089,Proddatur,05-10-2023,Premium,1,402.74
62510499,Kozhikode,14-08-2024,Premium,16,510.62
34835738,Jalna,13-08-2023,Premium,9,1210.36
9641623,Kota,23-09-2023,Premium,3,1515.02
60275891,Amaravati,01-10-2024,Regular,16,1361.94
78750264,Ratlam,19-09-2024,Inactive,7,1664.82
18986315,Bidhannagar,05-04-2023,Premium,19,854.26
10945990,Burhanpur,25-03-2024,New,5,1337.11
1601161,Amaravati,24-05-2024,Inactive,1,589.31
6390687,Alwar,23-08-2024,Regular,5,1340.79
63092485,Alappuzha,23-06-2024,Premium,11,1295.42
38244021,Chapra,22-04-2024,Inactive,13,1326.66
44859592,Proddatur,05-10-2023,New,19,1283.05
87984862,Yamunanagar,21-11-2023,Premium,14,1034.45
86067293,Sambalpur,07-06-2023,Inactive,4,873.53
41164215,Secunderabad,23-03-2023,Premium,15,1304.24
46025543,Kottayam,25-11-2023,Premium,16,1273.07
33481252,Noida,18-08-2024,Premium,8,1438.75
68692574,Bharatpur,07-08-2024,Inactive,13,1503.93
34839913,Belgaum,12-08-2024,Regular,4,1706.89
88923048,Agra,23-07-2024,Premium,4,1202.89
21201299,Unnao,27-05-2024,New,19,1488.68
34281470,Kharagpur,10-01-2024,Premium,11,1787.82
72576730,Chennai,17-02-2024,Regular,5,1971.67
90856813,Dhanbad,05-10-2024,Regular,13,1624.06
81500385,Ludhiana,05-11-2023,New,12,772.64
22974816,Bhusawal,08-01-2024,Premium,1,865.72
20496835,Alwar,01-12-2023,New,17,1240.91
38549299,Asansol,14-08-2023,Regular,4,234.63
78014505,Kottayam,09-04-2023,New,1,696.29
64940409,Gurgaon,06-09-2024,Inactive,9,882.89
30042971,Rewa,12-10-2024,Regular,8,863.9
74682740,Rewa,17-06-2024,Regular,10,1507.28
84824280,Ongole,09-05-2024,Inactive,17,1752.91
85907588,Rampur,13-03-2024,Inactive,5,505.34
6637282,North Dumdum,31-10-2023,Inactive,15,1495.87
21432404,Kalyan-Dombivli,15-02-2024,Inactive,17,1482.59
87954926,Ambala,07-02-2024,Premium,12,1245.07
29941225,Chapra,25-06-2024,Premium,3,689.11
68906393,Jalgaon,13-06-2024,Regular,13,1094.35
94486311,Chittoor,17-08-2023,New,16,1812.66
28221067,Agra,21-10-2024,Regular,6,998.95
3872421,Panvel,06-07-2023,Premium,3,1468.98
77921718,Thrissur,21-11-2023,Premium,3,1952.17
6187807,Dindigul,24-08-2023,New,10,1962.92
96795047,Chittoor,03-05-2024,New,15,1834.19
44198187,North Dumdum,16-03-2024,Regular,13,464.33
94730288,Rampur,04-07-2023,Regular,17,1560.64
49769532,Ramagundam,25-05-2023,Premium,20,1923.39
93730857,Singrauli,11-03-2024,Premium,6,1446.09
51556553,Noida,05-02-2024,Premium,6,1765.93
22253483,Haridwar,27-09-2023,Inactive,15,1561.12
4438410,Panipat,17-10-2024,Inactive,11,1868.71
44410149,Pondicherry,18-05-2023,New,14,1440.46
3282647,Unnao,15-01-2024,Premium,18,608.27
69340015,Tenali,31-10-2023,Premium,16,1168.22
29600229,Gulbarga,14-01-2024,Inactive,18,1491.65
89886179,Kharagpur,10-02-2024,Inactive,4,1298.64
12077371,Sambalpur,09-10-2023,Premium,20,353.22
84216691,Saharanpur,26-03-2023,Inactive,13,1220.9
90666073,Farrukhabad,10-12-2023,Inactive,20,1969.45
21577948,Ahmednagar,02-11-2023,New,17,225.6
32635818,Loni,16-03-2024,Regular,12,603
98444183,Tenali,04-02-2024,Regular,11,389.36
43047341,Jaunpur,19-09-2023,Regular,18,1086.42
52617081,Raurkela Industrial Township,31-07-2024,Inactive,10,996.94
60371334,Purnia,05-05-2023,Inactive,15,355.81
34425723,Saharanpur,10-09-2023,Regular,14,873.22
64298209,Jodhpur,15-06-2023,Regular,10,311.25
85518832,Tezpur,26-07-2023,Premium,19,205.79
42432226,Gandhinagar,03-08-2023,Premium,5,608.34
50953418,Rajpur Sonarpur,27-03-2023,Regular,11,404.6
52428250,Bulandshahr,11-09-2023,New,4,1925.08
60210778,Motihari,14-04-2024,Regular,4,938.8
92209869,Jhansi,03-10-2023,Regular,19,483.76
46828932,Eluru,30-04-2023,Premium,4,391.22
83304462,Jamnagar,26-01-2024,Premium,8,723.86
46875863,Bidar,14-10-2023,Regular,8,1118.55
36774480,Gandhidham,15-09-2024,Regular,6,1470.93
18896771,Ramagundam,17-05-2023,Inactive,12,1906.46
89669139,Tiruppur,19-03-2023,Premium,6,1999.64
81337068,Thiruvananthapuram,28-01-2024,Regular,10,1509.04
75082508,Navi Mumbai,10-01-2024,Premium,10,961.81
84847500,Bally,01-08-2024,Inactive,9,1832.51
79942821,Madhyamgram,05-09-2023,Premium,19,1652.35
62679120,Siwan,03-09-2024,Regular,14,1964.18
54850870,Panipat,14-04-2024,New,6,894.79
50105174,Malda,08-09-2023,Premium,11,1889.81
45700739,Visakhapatnam,07-08-2024,Inactive,17,509.95
25081012,Baranagar,24-12-2023,New,1,963.43
57566548,Arrah,04-05-2023,Regular,14,1058.02
49449238,Dindigul,28-06-2024,Inactive,4,1878.39
31156674,Jamnagar,07-04-2024,Inactive,3,1552.42
50088518,Dewas,16-05-2023,Regular,14,509.41
75836905,Ongole,07-12-2023,Inactive,4,817.25
86487478,Machilipatnam,09-01-2024,Premium,20,1241.57
93370787,Jehanabad,16-10-2024,New,10,1810.06
16400639,Pallavaram,03-09-2023,Premium,5,680.48
87943214,Tiruvottiyur,02-09-2024,Inactive,10,476.03
21409946,Bhilwara,22-03-2024,Inactive,2,1428.68
56604077,Ghaziabad,11-01-2024,Regular,14,474.26
88571088,Bulandshahr,16-10-2024,Inactive,10,1000.27
54099929,Karnal,22-10-2023,New,7,1712.59
68714053,Nanded,19-07-2024,New,18,1474.77
5751638,Aligarh,11-09-2024,New,14,1230.38
43431724,Rohtak,26-11-2023,New,2,813
81136091,Nanded,27-03-2024,Regular,15,1205.96
38671747,Rajahmundry,05-11-2023,New,16,1681.18
23095784,Bathinda,30-05-2023,Premium,3,1470.2
91291123,Etawah,10-02-2024,New,15,1952.01
10729474,Howrah,19-10-2023,New,16,417.3
96373206,Indore,24-06-2023,Regular,9,1235.13
93198324,Thane,19-11-2023,Inactive,11,1742.23
95590889,Kharagpur,23-06-2023,Inactive,7,582.01
85177880,Bardhaman,27-01-2024,Regular,9,1823.25
10524732,Rajahmundry,16-11-2023,Regular,18,1830.92
22931642,Ambala,03-10-2024,New,18,649.19
5901440,Sambhal,16-05-2024,Premium,8,761.17
6617417,New Delhi,08-10-2024,Inactive,20,1785.99
92306841,Rampur,09-02-2024,New,10,1915.85
89361574,Deoghar,20-10-2023,Regular,14,315.31
93723634,Berhampur,16-03-2023,Premium,4,1992.05
75490147,Vadodara,17-03-2023,Inactive,2,497.56
45650429,Ramgarh,30-03-2023,Premium,12,421.21
59323931,Bijapur,24-08-2024,Inactive,14,1239.32
77397957,Coimbatore,14-02-2024,New,14,1913.71
23976957,Visakhapatnam,31-08-2023,New,6,755.84
70543108,Rajahmundry,20-09-2024,Regular,6,1354.97
20689141,Korba,25-05-2024,Premium,19,995.55
72797139,Dhule,17-07-2023,Regular,5,492
75467328,Siliguri,07-04-2023,Inactive,14,691.64
69276352,Mysore,20-05-2023,Inactive,2,1425.64
39876773,Mirzapur,21-10-2024,Premium,17,879.54
36998375,Tirupati,29-05-2024,Inactive,11,1231.91
97185284,Haldia,07-11-2023,Regular,2,1599.26
23126356,Bhopal,29-05-2024,Inactive,7,1580.04
93803038,Dhule,14-10-2024,Premium,11,1018.05
1697604,Bongaigaon,24-07-2023,Regular,6,1970.15
53332493,Surendranagar Dudhrej,30-06-2023,New,19,1678.4
35812567,Bikaner,25-06-2024,Regular,6,1313.89
74172010,Tadipatri,08-05-2023,Inactive,3,1963.77
89157395,Fatehpur,28-09-2024,Premium,6,1782.61
79991320,Kumbakonam,25-03-2024,New,5,537.94
15568831,Jammu,06-10-2023,Premium,7,813.3
46563355,Ajmer,15-02-2024,Premium,19,463.08
9278983,Bathinda,23-02-2024,Inactive,17,1418.32
70168151,Jamalpur,17-09-2024,Regular,8,493.64
96149069,Ozhukarai,13-05-2024,Regular,19,346.93
22822088,Amravati,05-08-2023,New,11,293.88
1449273,Pondicherry,06-12-2023,New,12,1758.24
97388817,Bathinda,16-06-2024,Regular,1,1161.94
18567760,Fatehpur,28-05-2024,Regular,13,1933.7
12695670,Jaipur,25-09-2023,Premium,10,910.12
33871107,Thiruvananthapuram,02-11-2024,Inactive,8,513.07
49869358,Dharmavaram,03-05-2024,Regular,16,1002.95
96806748,Bareilly,19-10-2024,New,14,1482.08
82948843,Phusro,17-05-2023,Regular,13,1629.2
79866758,Malda,13-04-2023,Inactive,14,598.03
9335625,Coimbatore,27-07-2024,Premium,14,1605.95
28876580,North Dumdum,18-12-2023,Inactive,15,476.34
91768226,Bardhaman,09-11-2023,Regular,11,203.02
56457995,Amroha,01-01-2024,Inactive,6,1002.88
23844919,Bhagalpur,25-07-2024,Regular,9,1890.71
81088747,Ujjain,14-06-2024,Regular,3,1238.99
85854265,Vijayanagaram,07-06-2024,Premium,9,1492.09
73363613,Gopalpur,14-04-2023,Premium,3,400
64141971,Anantapur,20-06-2023,Premium,11,361.98
70867736,Ambattur,29-05-2024,Premium,17,574.18
52678787,Ghaziabad,29-01-2024,New,9,1444.39
27586115,Jamnagar,25-11-2023,Inactive,1,1908.19
92404798,Jorhat,29-03-2023,New,15,1130.02
55170753,Miryalaguda,27-05-2024,Inactive,19,1414.63
19182548,Bijapur,22-03-2023,Regular,16,636.15
67701771,Mathura,14-11-2023,Premium,9,550.5
75828735,Ramagundam,05-05-2023,New,18,1400.05
2219590,Solapur,24-09-2024,Regular,20,756.84
64497538,Bongaigaon,05-01-2024,Premium,13,1338.69
48033969,Baranagar,16-08-2023,Premium,1,717.51
67708491,Patiala,12-10-2024,Inactive,10,586.96
80858127,Raichur,01-08-2024,Premium,10,1703.39
28280172,Amravati,19-06-2023,Premium,14,968.95
6398761,Naihati,10-08-2024,Inactive,2,1701.15
69749541,Satara,06-06-2023,Premium,1,1412.58
57474553,Moradabad,06-09-2023,Regular,1,300.82
37551429,Khandwa,22-03-2023,Regular,6,1136.03
949062,Mau,13-10-2023,Inactive,19,1947.14
74174956,Latur,26-09-2024,Regular,20,1583.4
55007963,Chennai,30-08-2023,New,10,1809.98
64017365,Delhi,22-05-2024,Premium,2,1767.76
26199489,Serampore,15-07-2024,Inactive,11,479.65
7288562,Dewas,14-06-2023,New,19,1982.78
78394303,Bilaspur,31-07-2023,Inactive,1,1590.54
43518622,Jaunpur,20-05-2024,Regular,5,512.48
60967677,Agartala,03-05-2023,Premium,11,398.48
35144658,Bilaspur,27-01-2024,Premium,8,433.11
37054866,Guntur,30-04-2024,Regular,2,1503.54
3100301,Bathinda,19-06-2023,New,1,1530.27
62194279,Mysore,29-09-2023,Premium,3,1561.41
43599910,Sambhal,03-10-2024,Premium,8,939.36
36222767,Mango,12-05-2023,Inactive,7,478.18
91320466,Yamunanagar,15-10-2023,Premium,8,478.45
30468930,Gandhinagar,24-05-2024,Regular,6,1449.81
45503888,Raurkela Industrial Township,18-05-2023,Premium,5,669.46
85340038,Noida,17-08-2023,Premium,10,1430.56
13796199,Deoghar,04-05-2023,Regular,20,1016.92
10769994,Begusarai,07-05-2023,Regular,10,1122.23
65406127,Nangloi Jat,15-06-2024,Premium,20,1391.48
8383197,Tiruppur,17-10-2023,New,16,1440.12
8384106,Hubli–Dharwad,03-08-2023,Premium,8,1853.96
27698051,Gandhinagar,30-07-2023,Premium,19,978.81
56352626,Nagercoil,29-06-2023,Regular,10,1574.59
41194825,Singrauli,26-10-2023,Regular,19,1678.77
62526567,Chittoor,01-07-2023,Premium,15,1976.82
67277562,Ghaziabad,20-11-2023,Inactive,10,1951.59
48228547,Katihar,13-07-2024,Inactive,9,753.89
36578947,Ranchi,08-04-2023,New,18,1698.54
21701991,Allahabad,05-10-2023,New,5,1114.5
20469626,Guntakal,26-12-2023,Regular,9,1250.28
20314691,Salem,17-07-2024,Inactive,2,282.92
91778474,Kalyan-Dombivli,25-02-2024,Regular,20,280.67
83964902,Bhimavaram,10-11-2023,Regular,2,536.01
92455970,Navi Mumbai,13-06-2024,Inactive,10,1413.21
52001314,Kota,14-04-2024,Premium,7,1081.06
72917958,Sirsa,19-12-2023,New,6,1772.67
88739922,Madurai,27-03-2024,Regular,4,1563.61
59297955,Orai,26-02-2024,Premium,6,1292.83
99490786,Kishanganj,23-09-2023,New,15,1097.78
54877984,Visakhapatnam,09-05-2023,Inactive,14,736.62
62243869,Raebareli,24-09-2024,Premium,7,257.78
19067680,North Dumdum,29-12-2023,New,18,410.34
61753272,Anantapur,20-08-2024,New,3,832.17
34567918,Latur,09-10-2024,Inactive,13,271.49
20163931,Kumbakonam,05-08-2024,Regular,5,404.55
69088723,Hapur,12-10-2024,New,8,1050.74
27620326,Tezpur,17-07-2024,Regular,1,1126.02
71321741,Saharsa,27-02-2024,Regular,18,1734.32
10855630,Rajahmundry,03-06-2024,Premium,15,1447.55
24137201,Haridwar,22-09-2024,New,2,1399.08
31776996,Madanapalle,13-04-2024,New,12,872.26
48167795,Visakhapatnam,28-11-2023,New,13,1355.09
62419778,Jamnagar,23-08-2024,Premium,12,1083.95
75510747,Fatehpur,18-03-2024,New,7,555.18
99406165,Purnia,12-01-2024,Premium,10,1465.58
84572019,Burhanpur,15-11-2023,Inactive,14,1067.89
70391758,Tezpur,09-06-2023,Premium,4,1961.01
5135207,Moradabad,24-08-2023,Premium,3,1438.23
60834500,Khammam,28-10-2024,Inactive,1,1111.47
96629034,Hyderabad,27-04-2024,Premium,10,839.31
5418547,Pune,27-08-2023,Regular,20,1693.63
32540616,Nellore,21-03-2024,New,5,1614.27
70798876,Dhanbad,04-10-2024,New,16,1154.75
79895967,Chennai,05-05-2024,Regular,8,1829.16
44477365,Katihar,08-07-2024,Regular,18,292.43
72889295,Sasaram,07-05-2024,New,18,1965.81
66886852,Korba,24-03-2024,Inactive,19,1546.79
9195970,Karawal Nagar,21-06-2024,New,14,517.58
60049160,Bardhaman,10-09-2023,New,5,911.68
61522288,Tiruppur,02-07-2023,New,8,283.36
90448312,Panihati,21-05-2024,Inactive,10,1678.01
86748343,Sultan Pur Majra,10-03-2024,Premium,16,1799.33
91791128,Allahabad,18-03-2024,Regular,6,211.88
57548210,Erode,29-09-2024,Inactive,10,709.43
5369136,Ambala,11-09-2024,Regular,8,311.45
54038173,Jehanabad,24-11-2023,Premium,17,1914.26
67528368,Suryapet,16-04-2023,Premium,13,1897.75
25981385,Kakinada,07-10-2023,New,15,1484.06
10088428,Khammam,16-01-2024,Premium,15,806.54
57833505,Thrissur,10-01-2024,New,5,1832.55
69416782,Bijapur,21-06-2024,Regular,8,646.2
2114782,Solapur,29-05-2023,Premium,3,1354.66
40323385,Bikaner,17-11-2023,Regular,9,1631.87
2414265,Sultan Pur Majra,19-10-2023,New,6,571.92
21626705,Bongaigaon,27-11-2023,Premium,16,655.46
8351747,Khammam,13-09-2024,Regular,7,651.7
67046342,Vadodara,11-09-2023,New,6,207.69
6344788,Bareilly,15-02-2024,Premium,9,1058.66
625395,Siliguri,27-03-2024,Premium,4,1794.26
33533919,Gulbarga,22-10-2024,New,3,678.24
58974323,Burhanpur,12-06-2024,New,20,1716.92
10686446,Tadipatri,05-07-2023,New,18,1566.26
5228136,Ambarnath,30-09-2024,Premium,19,500.17
81046421,Kalyan-Dombivli,03-05-2024,Inactive,6,484.37
13494314,Mahbubnagar,16-06-2023,Premium,5,1108.16
19091057,Kozhikode,15-03-2024,Regular,9,1569
65963876,Loni,20-05-2024,New,13,1714.99
48765625,Bathinda,13-03-2024,Inactive,17,218
12500465,Phusro,05-10-2023,Premium,14,1758.5
68703613,Imphal,26-11-2023,Inactive,6,919.34
48284116,Narasaraopet,02-02-2024,Inactive,17,1885.64
773410,Kota,25-06-2023,New,13,1694.79
32929817,Muzaffarpur,26-08-2024,Regular,4,468.78
83298567,Asansol,02-10-2024,Premium,14,763.1
97509888,Thanjavur,09-06-2024,Inactive,6,1011.59
31324823,Fatehpur,16-09-2023,New,14,414.15
60319216,Ahmedabad,25-08-2023,Premium,12,503.83
94552818,Srinagar,14-01-2024,Inactive,2,1308.38
16410708,Gudivada,14-10-2024,Regular,10,1843.17
84848018,Alappuzha,26-06-2023,Regular,19,557.81
31569754,Bilaspur,02-02-2024,Regular,6,845.41
31384626,Nangloi Jat,13-06-2024,Regular,13,600.95
98307019,Bangalore,16-10-2024,New,17,913.21
55733729,Anantapuram,13-07-2024,Premium,12,704.66
80269862,Silchar,17-10-2024,Premium,3,1265.19
90586029,Faridabad,30-07-2024,Regular,19,1460.86
4594944,Cuttack,26-03-2024,Inactive,12,857.13
78209683,Jhansi,13-02-2024,Premium,1,1077.22
34588087,Shimla,16-05-2023,New,11,1341.14
77614510,Sirsa,28-03-2023,Inactive,8,1877.93
35455991,Tezpur,02-04-2023,New,14,1984.56
99714944,Adoni,01-10-2023,New,18,708.5
63870636,Aurangabad,29-04-2023,Premium,1,497.93
55936462,Berhampur,24-04-2023,New,5,338.13
211163,Satna,10-06-2024,Regular,9,1169.11
77618011,Silchar,16-05-2024,Inactive,11,454.04
82700270,Kishanganj,17-08-2024,New,10,1146.39
41181125,Mysore,14-06-2023,New,3,632.74
14458150,Sambhal,30-07-2024,Premium,13,321.96
68965787,Dhule,09-10-2024,Premium,19,1431.95
10951674,Guna,23-04-2023,Inactive,4,1590.36
15345667,Durg,29-08-2023,Premium,6,1574.77
8457972,Asansol,04-02-2024,New,16,1250.35
57207678,Chandrapur,08-08-2024,New,17,1603.27
64151769,Mysore,02-05-2024,New,14,1311.86
16786161,Chandigarh,21-11-2023,Inactive,15,496.26
6992801,Rajkot,03-06-2023,Premium,4,1270.33
92091019,Kalyan-Dombivli,13-09-2023,Regular,10,1754.59
14519263,Ajmer,21-06-2024,Premium,16,762.06
79169760,Nagaon,12-09-2024,New,11,932.44
63238941,Gwalior,11-03-2024,Regular,2,1374.76
9551011,Navi Mumbai,10-04-2023,Inactive,7,1786.78
13581527,Hajipur,01-06-2024,New,10,1614.59
57523973,Suryapet,26-09-2023,New,2,1647.35
68941950,Bhusawal,02-07-2024,New,8,210.86
97141762,Agra,28-07-2024,Regular,2,1513.8
2558646,Bhusawal,01-11-2024,Premium,10,920.89
61121421,Tirunelveli,17-01-2024,New,14,1760.03
23380116,Jehanabad,07-05-2024,New,11,606.28
78961097,Udupi,26-04-2024,Inactive,16,1375.64
11202130,Bhilwara,28-11-2023,Premium,20,1202.1
8955057,Bhubaneswar,12-10-2024,Regular,3,1549.99
22112867,Bangalore,02-08-2024,Regular,6,204.58
5607734,Jamshedpur,01-09-2024,Premium,8,603.44
98016334,Howrah,19-08-2024,Regular,18,724.91
61024977,Dindigul,05-03-2024,New,18,699.89
40727086,Bijapur,05-01-2024,New,11,1573.7
96109948,Shivpuri,12-08-2023,Inactive,20,1879.13
71176678,Dhule,05-05-2024,Regular,20,669.58
16547602,Nadiad,19-04-2023,Inactive,14,1240.96
37379797,Jalna,24-08-2024,Inactive,6,1167.45
37926207,Eluru,02-09-2023,New,12,491.26
63451391,Surendranagar Dudhrej,26-03-2024,Premium,7,731.46
62629494,Jorhat,13-09-2024,Premium,14,1504.45
13871547,Bhilwara,17-06-2023,Premium,8,200.43
1507408,Bangalore,21-03-2024,Inactive,8,972.22
3638834,Warangal,08-07-2023,Premium,16,1142.06
32054313,Raurkela Industrial Township,03-10-2024,Regular,2,340.15
97678578,Loni,15-06-2024,Regular,7,1531.63
75028268,Kirari Suleman Nagar,13-11-2023,Inactive,10,620.03
59930550,Agra,22-04-2024,Inactive,20,1680.48
23567263,Chinsurah,11-08-2024,New,14,231.38
65570302,Deoghar,11-10-2024,Inactive,19,1322.32
94529626,Pudukkottai,06-12-2023,New,17,1907.16
54338574,Guntur,09-08-2023,Premium,3,1875.03
14006996,Buxar,31-07-2023,Inactive,15,738.1
88324928,Alappuzha,19-03-2023,Regular,13,340.65
77128325,Satna,05-08-2023,Regular,2,1483.92
44562310,Warangal,29-06-2024,Inactive,3,483.87
32809328,Chittoor,09-02-2024,Premium,19,1525.5
37288781,Tadepalligudem,04-08-2023,New,1,1609.24
35049420,Madanapalle,25-03-2023,Regular,7,1660.54
10789681,Dehradun,28-06-2023,Regular,17,1178.41
67918495,Ratlam,28-10-2023,Inactive,16,496.65
2667357,Guntakal,13-06-2024,Premium,6,1516.67
7728406,Ranchi,10-01-2024,Inactive,2,1970.33
77961205,Burhanpur,27-06-2023,Premium,7,1445.85
28995786,Bardhaman,02-10-2024,Inactive,20,1706.11
74762653,Kakinada,22-01-2024,Premium,9,1996.53
93563435,Nagpur,28-08-2024,New,9,313.25
66768157,Singrauli,04-09-2023,Inactive,3,502.9
98625898,Raiganj,17-10-2023,Premium,14,1879.91
24107959,Howrah,08-07-2024,Regular,7,354.25
27824078,Jalna,15-09-2024,Inactive,12,972.71
97174235,Hubli–Dharwad,05-08-2024,Regular,13,413.94
28394354,Kumbakonam,31-03-2024,Regular,19,1546.13
29689766,Tenali,20-03-2023,New,14,967.01
44589829,Sagar,25-09-2023,Regular,4,1570.62
6959437,Jammu,25-07-2024,Premium,14,1105.84
28173165,Srikakulam,09-08-2023,Inactive,15,545.71
46564935,Muzaffarpur,27-02-2024,Inactive,5,536.94
77007315,Satara,05-11-2023,Premium,10,1750.59
64403005,Darbhanga,03-07-2024,New,12,524.48
28277304,Haridwar,14-02-2024,Inactive,14,1681.58
38568692,Silchar,06-12-2023,New,6,1082.93
90299101,Akola,24-06-2024,Regular,7,291.45
77086539,Sangli-Miraj & Kupwad,14-05-2024,New,3,1591.27
16341776,Sikar,16-07-2023,New,6,964.4
62868582,Asansol,04-04-2024,New,11,1082.3
16435594,Jorhat,11-10-2024,Premium,4,1273
24337950,Haridwar,26-04-2023,Inactive,20,1845.42
38728779,Bulandshahr,24-02-2024,Regular,19,1294.04
3483295,Imphal,08-03-2024,Inactive,5,1334.49
67908555,Chittoor,21-04-2023,New,16,1746.83
45028365,Danapur,06-11-2023,Regular,5,518.33
19216141,Giridih,14-05-2023,Premium,9,1428.54
47590944,Bhubaneswar,12-07-2023,New,19,1163.84
72415263,Pallavaram,29-05-2023,Regular,20,1914.18
97873848,Kavali,23-10-2023,Regular,18,1381.21
81541985,Asansol,30-04-2023,Regular,17,894.34
57213543,Gandhinagar,30-10-2024,Regular,14,1323.95
60620291,Karaikudi,01-05-2023,Regular,15,1791.39
34655710,Katihar,16-09-2024,Inactive,1,1620.16
58415368,Shahjahanpur,29-05-2024,New,10,297.38
67402645,Phagwara,25-03-2023,Inactive,15,1084.93
2903620,Proddatur,11-05-2024,New,11,1815.06
58115779,Katni,27-07-2024,Regular,12,1569.04
40055711,Rampur,23-09-2024,Inactive,11,278.97
9419030,Avadi,11-03-2024,Inactive,1,340.77
75244116,Gorakhpur,09-10-2023,Inactive,10,426.97
2566268,Mysore,04-12-2023,Premium,16,1796.96
24496983,Kamarhati,04-12-2023,Regular,17,1262.44
7378768,Bellary,20-05-2023,New,8,698.59
33544355,Sri Ganganagar,30-08-2023,Premium,2,1083.95
98012339,Anantapuram,22-03-2023,Regular,16,839.46
71771782,Farrukhabad,23-05-2023,Inactive,8,1091.61
39301587,Bongaigaon,29-12-2023,Regular,15,1775.12
12560669,Sangli-Miraj & Kupwad,29-08-2024,Inactive,13,450.79
73061709,Uluberia,22-08-2024,Premium,1,1557.57
73807097,Firozabad,12-12-2023,Inactive,7,557.11
57579640,Siwan,11-07-2023,Premium,10,697.08
71276926,Nangloi Jat,21-11-2023,Inactive,10,1226.1
54139038,Dibrugarh,30-09-2024,Inactive,10,1689.41
6853981,Machilipatnam,13-12-2023,Inactive,14,1301.27
82898985,Pondicherry,03-04-2023,Regular,2,841.91
92416428,Avadi,24-01-2024,Regular,5,1255.2
80371626,Karimnagar,02-10-2024,New,20,1033.07
39042103,Bareilly,31-05-2024,Regular,20,1519.5
14693393,Proddatur,24-05-2024,New,14,928.3
41878908,Raiganj,31-05-2024,Premium,6,390.11
49117070,Bhubaneswar,27-09-2024,Inactive,9,1495.17
43761120,Bhagalpur,01-06-2024,Inactive,19,1954.78
52672659,Vadodara,17-03-2023,Regular,17,1721.72
91448742,Bongaigaon,13-04-2023,Regular,1,1536.39
55278329,Bhubaneswar,08-10-2024,Inactive,19,1814.67
13492411,Patna,13-07-2023,Regular,8,453.33
39093069,Rajkot,02-03-2024,Regular,6,1176.58
16436211,Tadepalligudem,09-11-2023,Regular,8,780.94
25747787,Bikaner,31-05-2023,Inactive,13,835.06
24000329,Gulbarga,01-11-2023,Premium,17,1787.69
54923640,Gandhidham,10-04-2024,Inactive,15,234.66
57217288,Karimnagar,24-03-2023,Regular,3,736.05
70554546,Bulandshahr,19-04-2024,Inactive,14,1601.91
39959491,Purnia,25-08-2023,Premium,2,622.87
55042740,Kadapa,12-03-2024,Regular,7,404.02
64846124,Bidar,19-06-2024,Inactive,1,997.65
23434261,Ambala,10-07-2023,Inactive,7,1651.18
33685414,Miryalaguda,09-03-2024,Regular,8,1679.23
43649266,Khandwa,14-03-2024,Inactive,19,1803.11
53299455,Bijapur,25-05-2023,Premium,7,838.66
9388085,Jamnagar,17-03-2024,New,11,627.21
46629917,Jamshedpur,09-02-2024,Premium,1,788.35
82359623,Bellary,17-08-2023,Premium,17,1339.75
58238092,Malegaon,01-07-2023,Inactive,9,519.73
74572121,Mau,20-08-2024,Inactive,15,890.77
3468355,Pune,02-06-2024,New,12,1734.51
34095555,Raiganj,07-09-2023,Premium,9,1536.28
76020843,New Delhi,25-06-2024,Regular,6,784.7
80571942,Kishanganj,01-09-2023,Regular,10,980.64
19375332,Jodhpur,01-07-2024,Regular,20,1556.48
8739903,Thane,07-07-2023,Regular,9,1689.59
55472026,Allahabad,28-08-2023,New,2,730.33
19581959,Ghaziabad,23-04-2023,Premium,5,1517.34
32585389,Howrah,13-11-2023,Premium,3,1378.77
24308515,Panchkula,26-10-2023,Regular,20,1801.96
63025744,Panipat,02-10-2023,Regular,6,1112.65
89036169,Deoghar,05-03-2024,Inactive,12,1133.25
1816969,Vadodara,05-03-2024,Premium,2,1902.69
18256339,Mumbai,04-11-2023,New,5,1719.33
87059497,Jamshedpur,09-02-2024,Regular,5,1137.61
47577193,Dehri,05-02-2024,Premium,16,1578.87
95595403,Durgapur,06-03-2024,Regular,10,1368.49
57658033,Yamunanagar,10-11-2023,New,8,1281.84
4597433,Tadepalligudem,02-04-2024,Inactive,3,821.84
7923550,Panihati,02-09-2023,New,17,1813.79
21553672,Morbi,19-04-2024,New,1,429.36
80499378,South Dumdum,17-09-2024,Inactive,3,759.03
16410155,Bidhannagar,29-04-2023,Premium,8,601.32
52423524,Ludhiana,05-06-2023,Inactive,19,473.06
20834589,Giridih,15-07-2024,Inactive,8,740.07
70372270,Ichalkaranji,05-08-2023,New,15,1420.71
18082040,Kochi,03-04-2024,Regular,17,1098.59
24745800,New Delhi,10-01-2024,Premium,3,1657.15
12698783,Karnal,06-10-2024,Inactive,8,1040.64
24821281,Khora ,04-06-2023,Regular,10,1004.08
17843667,Bhubaneswar,20-03-2024,New,4,618.64
75137446,Kochi,30-03-2024,New,10,1290.79
43295656,Sagar,21-02-2024,Regular,4,1306.25
10663246,Gandhidham,29-10-2023,Regular,12,1976.29
74038361,Khandwa,02-10-2023,New,15,236.72
56548063,Thanjavur,11-08-2024,New,20,537.48
58893807,Tirunelveli,15-02-2024,Inactive,14,1163.42
1301661,Saharanpur,26-12-2023,Inactive,8,623.8
72263318,Fatehpur,23-06-2023,Inactive,8,1372.05
16484167,Guwahati,07-04-2023,New,19,1128.06
74694186,Hubli–Dharwad,14-09-2024,Inactive,3,1566.5
89472859,Saharsa,27-08-2023,Inactive,2,1181.99
21697638,Sirsa,13-06-2024,New,1,381.19
74231111,Thane,05-10-2023,Premium,15,514.31
89523804,Kottayam,25-04-2024,Inactive,1,1054
22694456,Nashik,20-03-2024,New,6,697.9
14940427,Loni,01-06-2023,Premium,3,1992.36
81940825,Proddatur,14-10-2023,New,4,1119.75
73392739,Bikaner,17-03-2024,New,18,1378.5
52770036,Bathinda,19-08-2024,New,14,1207.51
38902193,Bellary,08-08-2024,New,6,1275.29
72287157,Machilipatnam,29-08-2023,New,20,1706.71
94179692,Alwar,18-09-2024,New,3,1494.14
61851054,Tadipatri,11-06-2024,Regular,10,1154.65
1562083,Bhopal,11-01-2024,Premium,13,695.02
33671354,Bijapur,26-09-2024,Inactive,12,1908.12
46023497,Delhi,15-05-2024,Premium,12,1856.92
83597876,Katni,21-12-2023,Premium,10,1646.68
52913011,Dhule,01-11-2023,Inactive,7,1952.94
81373608,Durg,14-06-2023,Inactive,4,605.47
46885873,Aizawl,19-09-2023,Premium,4,946.64
31831843,Machilipatnam,28-03-2023,Inactive,10,1284.27
85088479,Rajkot,04-11-2024,Inactive,17,1636.63
97770901,Bidhannagar,05-04-2023,Inactive,11,1896.36
4055790,Jamnagar,14-11-2023,Regular,13,1178.81
84986716,Begusarai,21-04-2024,Regular,8,420.78
77085443,Naihati,15-03-2024,Regular,9,1742.63
10642655,Gorakhpur,26-11-2023,Premium,1,726.89
35826539,Deoghar,28-08-2024,New,6,1155.12
376144,Anantapuram,19-12-2023,Regular,13,1784.32
22054087,Miryalaguda,05-01-2024,Inactive,18,1197.98
21481338,Tirunelveli,17-11-2023,New,17,480.61
22851478,Varanasi,13-11-2023,Regular,14,1722.19
3002538,Sonipat,10-07-2024,Inactive,14,489.91
69339331,Raurkela Industrial Township,02-03-2024,Regular,5,1567.18
14991661,Chandrapur,18-10-2023,New,18,1719.35
38613295,Vadodara,20-08-2023,New,17,544.45
51872499,Bareilly,11-04-2024,Premium,1,1234
8241122,Ambarnath,30-09-2024,Inactive,12,833.32
97033691,Mysore,14-08-2024,Premium,2,1268.05
69242672,Gandhidham,19-04-2023,Regular,3,1490.73
41512861,Purnia,24-04-2024,Regular,11,696.12
3408982,Bhatpara,01-07-2023,Premium,5,656.97
42589311,Dehradun,29-11-2023,Regular,11,452.1
75732571,Muzaffarnagar,20-04-2024,New,20,1981.72
39681023,Pimpri-Chinchwad,04-09-2023,Premium,16,1084.73
94404245,Rampur,14-05-2024,Inactive,5,564.03
97484394,Jaipur,05-04-2024,Inactive,4,669.01
66827191,Alwar,19-11-2023,New,11,1808.42
50554007,Baranagar,04-04-2023,Premium,5,1597.14
65895091,Orai,11-11-2023,Inactive,8,1634.33
48002829,Mumbai,25-01-2024,Inactive,17,754.33
57392064,Udupi,23-06-2024,Regular,4,1540.81
71688530,Kavali,18-03-2024,Regular,1,1541.22
89051578,Alwar,06-09-2024,Premium,12,1185.5
78738569,Dewas,10-05-2023,Inactive,4,376.5
